Date,Last Price_RGUSTL,Return_RGUSTL,Last Price_NDX,Return_NDX,VIX,Cluster
2/21/2018,3191.936,-0.004885574,6759.26,-0.003014883,20.02,1
2/22/2018,3192.485,0.000171996,6761.85,0.000383178,18.72,0
2/23/2018,3259.947,0.021131501,6896.6,0.019927978,16.49,0
2/26/2018,3312.833,0.016222963,6989.1,0.013412406,15.8,0
2/27/2018,3282.599,-0.009126328,6900.35,-0.012698345,18.59,0
2/28/2018,3260.094,-0.006855848,6854.42,-0.006656184,19.85,0
3/1/2018,3207.422,-0.016156589,6750.54,-0.015155185,22.47,1
3/2/2018,3242.916,0.011066208,6811.04,0.008962246,19.59,0
3/5/2018,3273.075,0.009299963,6881.28,0.010312669,18.73,0
3/6/2018,3285.653,0.003842869,6913.02,0.004612514,18.36,0
3/7/2018,3305.313,0.00598359,6929.39,0.002367995,17.76,0
3/8/2018,3319.963,0.004432258,6966.43,0.005345348,16.54,0
3/9/2018,3386.244,0.019964379,7101.18,0.019342762,14.64,0
3/12/2018,3399.004,0.003768187,7131.12,0.004216201,15.78,0
3/13/2018,3354.24,-0.01316974,7046.51,-0.011864896,16.35,0
3/14/2018,3353.375,-0.000257883,7040.98,-0.000784786,17.23,0
3/15/2018,3353.637,7.81302E-05,7030.97,-0.001421677,16.59,0
3/16/2018,3349.34,-0.001281296,7019.95,-0.001567351,15.8,0
3/19/2018,3276.1712,-0.021845737,6864.88,-0.022089901,19.02,0
3/20/2018,3273.373,-0.000854107,6885.92,0.003064875,18.2,0
3/21/2018,3255.608,-0.005427124,6853.45,-0.004715419,17.86,0
3/22/2018,3172.171,-0.0256287,6682.26,-0.02497866,23.34,1
3/23/2018,3087.006,-0.026847544,6508.09,-0.026064535,24.87,1
3/26/2018,3212.063,0.040510773,6753.83,0.037759158,21.03,1
3/27/2018,3097.127,-0.035782611,6529.84,-0.033164886,22.5,1
3/28/2018,3066.124,-0.010010245,6460.81,-0.010571469,22.87,1
3/29/2018,3132.383,0.02161002,6581.13,0.018623052,19.97,0
4/2/2018,3051.655,-0.025772072,6390.84,-0.028914487,23.62,1
4/3/2018,3083.517,0.010440892,6458.83,0.010638664,21.1,1
4/4/2018,3127.991,0.014423141,6560.06,0.015673117,20.06,1
4/5/2018,3136.842,0.002829612,6594.84,0.005301781,18.94,0
4/6/2018,3061.749,-0.023939044,6433.21,-0.024508555,21.49,1
4/9/2018,3084.886,0.007556792,6472.34,0.0060825,21.77,1
4/10/2018,3162.202,0.025062839,6615.87,0.022175905,20.47,1
4/11/2018,3149.721,-0.003946933,6583.44,-0.00490185,20.24,1
4/12/2018,3190.431,0.012924954,6656.26,0.011061087,18.49,0
4/13/2018,3176.979,-0.004216358,6628.34,-0.004194548,17.41,0
4/16/2018,3199.542,0.00710203,6675.18,0.007066626,16.56,0
4/17/2018,3266.232,0.020843608,6816.37,0.02115149,15.25,0
4/18/2018,3255.119,-0.003402392,6833.21,0.002470523,15.6,0
4/19/2018,3214.09,-0.012604455,6774.89,-0.008534788,15.96,0
4/20/2018,3162.38,-0.016088535,6667.75,-0.015814279,16.88,0
4/23/2018,3149.1097,-0.004196302,6648.8,-0.002842038,16.34,0
4/24/2018,3087.055,-0.019705474,6509.05,-0.02101883,18.02,0
4/25/2018,3082.548,-0.001459968,6513.94,0.000751262,17.84,0
4/26/2018,3149.037,0.021569494,6649.65,0.020833781,16.24,0
4/27/2018,3140.361,-0.002755128,6656.35,0.001007572,15.41,0
4/30/2018,3122.271,-0.005760484,6605.57,-0.007628806,15.93,0
5/1/2018,3166.661,0.014217216,6681.96,0.011564483,15.49,0
5/2/2018,3167.02,0.000113369,6644.48,-0.005609133,15.97,0
5/3/2018,3171.819,0.001515305,6643.48,-0.000150501,15.9,0
5/4/2018,3238.1485,0.020912133,6769.12,0.018911775,14.77,0
5/7/2018,3265.439,0.00842781,6821.87,0.007792741,14.75,0
5/8/2018,3275.649,0.003126685,6815.48,-0.000936693,14.71,0
5/9/2018,3322.617,0.014338533,6893.21,0.011404919,13.42,0
5/10/2018,3365.49,0.012903383,6963.55,0.010204244,13.23,0
5/11/2018,3351.625,-0.004119757,6952.56,-0.001578218,12.65,0
5/14/2018,3353.913,0.000682654,6964.37,0.001698655,12.93,0
5/15/2018,3319.637,-0.010219705,6888.54,-0.010888278,14.63,0
5/16/2018,3332.43,0.003853735,6929.97,0.006014337,13.42,0
5/17/2018,3314.573,-0.005358552,6901.63,-0.004089484,13.43,0
5/18/2018,3299.679,-0.00449349,6866.25,-0.005126325,13.42,0
5/21/2018,3328.211,0.008646902,6905.53,0.005720735,13.08,0
5/22/2018,3319.597,-0.002588177,6893.62,-0.001724705,13.22,0
5/23/2018,3348.497,0.008705876,6953.63,0.008705151,12.58,0
5/24/2018,3344.693,-0.001136032,6949.7,-0.000565172,12.53,0
5/25/2018,3347.737,0.000910098,6960.92,0.001614458,13.22,0
5/29/2018,3328.266,-0.005816168,6926.54,-0.004939002,17.02,0
5/30/2018,3350.151,0.006575496,6976.37,0.007194068,14.94,0
5/31/2018,3351.438,0.000384162,6967.73,-0.001238466,15.43,0
6/1/2018,3419.195,0.020217292,7083.93,0.01667688,13.46,0
6/4/2018,3443.234,0.007030602,7143.57,0.008419056,12.74,0
6/5/2018,3459.533,0.004733631,7166.75,0.003244876,12.4,0
6/6/2018,3471.74,0.003528511,7210.08,0.006045976,11.64,0
6/7/2018,3436.342,-0.01019604,7152.83,-0.007940273,12.13,0
6/8/2018,3434.914,-0.000415558,7152.62,-2.9359E-05,12.18,0
6/11/2018,3436.461,0.000450375,7168.48,0.002217369,12.35,0
6/12/2018,3454.528,0.005257444,7209.18,0.005677633,12.34,0
6/13/2018,3447.074,-0.002157748,7205.26,-0.000543751,12.94,0
6/14/2018,3470.691,0.006851318,7279.59,0.010316075,12.12,0
6/15/2018,3453.916,-0.004833331,7255.76,-0.003273536,11.98,0
6/18/2018,3461.233,0.002118465,7251.41,-0.000599524,12.31,0
6/19/2018,3434.511,-0.00772037,7228.04,-0.003222821,13.35,0
6/20/2018,3447.122,0.003671847,7280.71,0.007286899,12.79,0
6/21/2018,3417.39,-0.008625166,7217.49,-0.008683219,14.64,0
6/22/2018,3400.789,-0.004857801,7197.51,-0.002768275,13.77,0
6/25/2018,3323.405,-0.02275472,7038.17,-0.022138212,17.33,0
6/26/2018,3340.481,0.005138104,7068.2,0.004266734,15.92,0
6/27/2018,3290.391,-0.014994847,6969.67,-0.0139399,17.91,0
6/28/2018,3323.39,0.010028899,7031.6,0.008885643,16.85,0
6/29/2018,3323.8,0.000123368,7040.8,0.001308379,16.09,0
7/2/2018,3361.183,0.011247067,7097.82,0.008098512,15.6,0
7/3/2018,3313.515,-0.014181912,7014.55,-0.011731771,16.14,0
7/5/2018,3361.973,0.014624349,7101.05,0.012331511,14.97,0
7/6/2018,3407.423,0.013518847,7207.33,0.014966801,13.37,0
7/9/2018,3435.049,0.008107593,7276,0.0095278,12.69,0
7/10/2018,3443.036,0.002325149,7282.6,0.000907092,12.64,0
7/11/2018,3420.479,-0.006551485,7243.98,-0.005303051,13.63,0
7/12/2018,3483.692,0.018480745,7366.25,0.016878843,12.58,0
7/13/2018,3482.906,-0.000225623,7375.82,0.001299169,12.18,0
7/16/2018,3472.181,-0.003079325,7357.9,-0.00242956,12.83,0
7/17/2018,3501.496,0.00844282,7403.89,0.006250425,12.06,0
7/18/2018,3497.251,-0.001212339,7390.13,-0.001858483,12.1,0
7/19/2018,3487.995,-0.00264665,7352.36,-0.005110871,12.87,0
7/20/2018,3488.733,0.000211583,7350.23,-0.000289703,12.86,0
7/23/2018,3507.897,0.005493112,7371.78,0.002931881,12.62,0
7/24/2018,3518.764,0.003097867,7406.25,0.00467594,12.41,0
7/25/2018,3571.024,0.014851806,7508.59,0.013818059,12.29,0
7/26/2018,3515.906,-0.015434788,7400.75,-0.014362217,12.14,0
7/27/2018,3445.339,-0.020070787,7296.78,-0.014048576,13.03,0
7/30/2018,3384.295,-0.01771785,7193.1,-0.014209007,14.26,0
7/31/2018,3397.377,0.003865502,7231.98,0.00540518,12.83,0
8/1/2018,3432.506,0.010340036,7272.89,0.005656819,13.15,0
8/2/2018,3484.491,0.015144912,7372.15,0.013647945,12.19,0
8/3/2018,3494.158,0.002774293,7395.49,0.003165969,11.64,0
8/6/2018,3518.662,0.007012848,7439,0.005883315,11.27,0
8/7/2018,3529.329,0.00303155,7462.65,0.003179191,10.93,0
8/8/2018,3539.625,0.002917268,7469.55,0.000924605,10.85,0
8/9/2018,3540.3193,0.000196151,7466.96,-0.000346741,11.27,0
8/10/2018,3509.877,-0.008598744,7408.3,-0.007855941,13.16,0
8/13/2018,3502.316,-0.002154207,7401.17,-0.000962434,14.78,0
8/14/2018,3522.514,0.005767041,7447.17,0.006215234,13.31,0
8/15/2018,3484.192,-0.010879162,7354.66,-0.012422168,14.64,0
8/16/2018,3490.709,0.001870448,7374.3,0.002670416,13.45,0
8/17/2018,3495.495,0.001371068,7377.54,0.000439364,12.64,0
8/20/2018,3489.752,-0.001642972,7371.42,-0.000829545,12.49,0
8/21/2018,3496.338,0.00188724,7397.23,0.003501361,12.86,0
8/22/2018,3513.219,0.004828195,7424.6,0.003700034,12.25,0
8/23/2018,3520.09,0.001955756,7413.84,-0.001449236,12.41,0
8/24/2018,3561.322,0.011713337,7485.4,0.009652218,11.99,0
8/27/2018,3596.695,0.009932548,7559.13,0.009849841,12.16,0
8/28/2018,3606.297,0.002669673,7570.25,0.001471069,12.5,0
8/29/2018,3641.375,0.009726875,7660.18,0.011879396,12.25,0
8/30/2018,3631.065,-0.002831348,7642.67,-0.002285847,13.53,0
8/31/2018,3634.55,0.000959774,7654.55,0.001554431,12.86,0
9/4/2018,3624.092,-0.002877385,7622.32,-0.004210568,13.16,0
9/5/2018,3569.393,-0.01509316,7523.26,-0.012996043,13.91,0
9/6/2018,3534.041,-0.009904205,7453.17,-0.00931644,14.65,0
9/7/2018,3525.794,-0.002333589,7430.26,-0.00307386,14.88,0
9/10/2018,3537.04,0.003189636,7447.68,0.002344467,14.16,0
9/11/2018,3565.287,0.007986056,7507.87,0.008081711,13.22,0
9/12/2018,3544.196,-0.005915653,7488.06,-0.002638565,13.14,0
9/13/2018,3587.342,0.012173706,7561.69,0.009832987,12.37,0
9/14/2018,3590.292,0.000822336,7545.5,-0.002141056,12.07,0
9/17/2018,3533.168,-0.015910684,7434.73,-0.014680273,13.68,0
9/18/2018,3554.095,0.005923013,7494.4,0.008025846,12.79,0
9/19/2018,3547.671,-0.001807492,7490.32,-0.000544406,11.75,0
9/20/2018,3588.352,0.01146696,7569.04,0.010509564,11.8,0
9/21/2018,3571.776,-0.004619391,7531.07,-0.005016488,11.68,0
9/24/2018,3592.177,0.005711724,7548.75,0.002347608,12.2,0
9/25/2018,3595.109,0.000816218,7563.19,0.001912899,12.42,0
9/26/2018,3583.379,-0.003262766,7563.09,-1.32219E-05,12.89,0
9/27/2018,3611.814,0.007935248,7629.57,0.008790058,12.41,0
9/28/2018,3619.278,0.002066552,7627.65,-0.000251652,12.12,0
10/1/2018,3627.198,0.002188282,7645.45,0.002333615,12,0
10/2/2018,3622.614,-0.001263785,7628.28,-0.00224578,12.05,0
10/3/2018,3640.557,0.004953053,7637.43,0.001199484,11.61,0
10/4/2018,3569.197,-0.019601396,7490,-0.019303614,14.22,0
10/5/2018,3523.906,-0.012689409,7399.01,-0.012148198,14.82,0
10/8/2018,3485.805,-0.01081215,7352.82,-0.006242727,15.69,0
10/9/2018,3493.003,0.002064946,7371.62,0.002556842,15.95,0
10/10/2018,3329.325,-0.04685882,7044.5,-0.044375592,22.96,1
10/11/2018,3301.141,-0.00846538,6964.03,-0.011423096,24.98,1
10/12/2018,3395.471,0.028574968,7157.21,0.027739685,21.31,1
10/15/2018,3347.201,-0.014215995,7068.67,-0.012370742,21.3,1
10/16/2018,3449.031,0.030422434,7276.43,0.029391668,17.62,0
10/17/2018,3433.772,-0.004424141,7278.63,0.000302346,17.4,0
10/18/2018,3355.686,-0.02274059,7116.09,-0.022331126,20.06,1
10/19/2018,3343.442,-0.003648732,7107.23,-0.001245066,19.89,0
10/22/2018,3369.81,0.007886483,7141.21,0.004781047,19.64,0
10/23/2018,3360.691,-0.002706087,7118.67,-0.003156328,20.71,1
10/24/2018,3201.142,-0.047475058,6789.15,-0.046289546,25.23,1
10/25/2018,3307.394,0.033191905,7016.39,0.033471053,24.22,1
10/26/2018,3242.531,-0.019611513,6852.4,-0.023372418,24.16,1
10/29/2018,3173.424,-0.021312672,6713.9,-0.020211897,24.7,1
10/30/2018,3228.567,0.017376499,6810.12,0.014331462,23.35,1
10/31/2018,3309.646,0.025112999,6967.1,0.023050989,21.23,1
11/1/2018,3346.735,0.011206334,7069.17,0.014650285,19.34,0
11/2/2018,3283.253,-0.018968338,6965.29,-0.014694794,19.51,0
11/5/2018,3261.295,-0.006687879,6937.09,-0.004048647,19.96,0
11/6/2018,3283.154,0.006702552,6988.85,0.007461342,19.91,0
11/7/2018,3374.94,0.027956654,7203.13,0.030660266,16.36,0
11/8/2018,3354.195,-0.006146776,7158.59,-0.006183423,16.72,0
11/9/2018,3290.289,-0.01905256,7039.15,-0.01668485,17.36,0
11/12/2018,3175.886,-0.034769894,6829.1,-0.029840251,20.45,1
11/13/2018,3180.94,0.001591367,6830.91,0.000265042,20.02,1
11/14/2018,3150.686,-0.009511025,6769.87,-0.008935852,21.25,1
11/15/2018,3223.506,0.023112427,6890.45,0.017811273,19.98,0
11/16/2018,3214.28,-0.002862101,6867.02,-0.003400358,18.14,0
11/19/2018,3083.85,-0.040578294,6642.92,-0.032634243,20.1,1
11/20/2018,3034.824,-0.01589766,6526.96,-0.017456179,22.48,1
11/21/2018,3062.735,0.009196909,6575.66,0.00746136,20.8,1
11/23/2018,3035.97,-0.008738921,6527.35,-0.007346791,21.52,1
11/26/2018,3105.014,0.02274199,6678.34,0.023131899,18.9,0
11/27/2018,3103.044,-0.000634458,6701.04,0.003399048,19.02,0
11/28/2018,3205.134,0.032899952,6913.33,0.031680157,18.49,0
11/29/2018,3192.704,-0.003878153,6892.4,-0.003027485,18.79,0
11/30/2018,3221.987,0.009171849,6949.01,0.008213394,18.07,0
12/3/2018,3278.115,0.017420306,7062.13,0.016278578,16.44,0
12/4/2018,3152.31,-0.038377238,6795.21,-0.037795962,20.74,1
12/6/2018,3169.418,0.005427131,6838.85,0.006422171,21.19,1
12/7/2018,3060.386,-0.034401269,6613.28,-0.032983616,23.23,1
12/10/2018,3105.549,0.014757289,6682.74,0.010503109,22.64,1
12/11/2018,3113.916,0.00269421,6704.24,0.003217243,21.76,1
12/12/2018,3143.755,0.009582468,6763.96,0.008907796,21.46,1
12/13/2018,3147.669,0.001245008,6767.97,0.000592848,20.65,1
12/14/2018,3075.737,-0.022852466,6594.96,-0.025563057,21.63,1
12/17/2018,3003.535,-0.023474699,6448.39,-0.022224547,24.52,1
12/18/2018,3037.463,0.011296023,6491.52,0.006688491,25.58,1
12/19/2018,2969.353,-0.022423318,6342.97,-0.022883701,25.58,1
12/20/2018,2919.965,-0.01663258,6243.2,-0.015729225,28.38,1
12/21/2018,2827.2756,-0.031743326,6046.56,-0.031496668,30.11,2
12/24/2018,2756.6521,-0.024979348,5899.35,-0.024346074,36.07,2
12/26/2018,2929.547,0.062719159,6262.77,0.061603397,30.41,2
12/27/2018,2948.95,0.006623208,6288.3,0.004076471,29.96,1
12/28/2018,2942.504,-0.002185863,6285.27,-0.000481847,28.34,1
12/31/2018,2961.508,0.006458445,6329.96,0.007110275,25.42,1
1/2/2019,2970.956,0.003190267,6360.87,0.004883127,23.22,1
1/3/2019,2829.881,-0.047484715,6147.13,-0.033602322,25.45,1
1/4/2019,2959.582,0.045832669,6422.67,0.04482417,21.38,1
1/7/2019,2983.61,0.008118714,6488.25,0.010210707,21.4,1
1/8/2019,3016.042,0.010870053,6551.85,0.009802335,20.47,1
1/9/2019,3047.835,0.010541299,6600.69,0.007454383,19.98,0
1/10/2019,3057.697,0.003235739,6620.94,0.003067861,19.5,0
1/11/2019,3047.814,-0.003232171,6601.4,-0.002951243,18.19,0
1/14/2019,3019.186,-0.009392962,6541.04,-0.009143515,19.07,0
1/15/2019,3076.182,0.018877936,6669.64,0.019660482,18.6,0
1/16/2019,3076.472,9.42727E-05,6668.56,-0.000161928,19.04,0
1/17/2019,3098.931,0.007300245,6718.45,0.007481375,18.06,0
1/18/2019,3143.704,0.014447885,6784.61,0.009847509,17.8,0
1/22/2019,3080.665,-0.02005246,6646.81,-0.020310674,20.8,1
1/23/2019,3088.327,0.002487125,6658.76,0.001797855,19.52,0
1/24/2019,3115.964,0.008948858,6702.55,0.006576299,18.89,0
1/25/2019,3166.165,0.016110905,6787.37,0.012654885,17.42,0
1/28/2019,3121.755,-0.014026433,6697.09,-0.013301176,18.87,0
1/29/2019,3085.939,-0.011473034,6632.79,-0.009601185,19.13,0
1/30/2019,3183.01,0.031455904,6807.91,0.026402163,17.66,0
1/31/2019,3223.8734,0.012837974,6906.84,0.014531626,16.57,0
2/1/2019,3229.497,0.001744361,6875.52,-0.004534635,16.14,0
2/4/2019,3286.828,0.0177523,6959.96,0.012281253,15.73,0
2/5/2019,3319.314,0.009883693,7023.52,0.009132236,15.57,0
2/6/2019,3311.013,-0.002500818,6997.62,-0.00368761,15.38,0
2/7/2019,3261.623,-0.014916885,6904.98,-0.013238787,16.37,0
2/8/2019,3276.338,0.004511558,6913.13,0.001180308,15.72,0
2/11/2019,3272.454,-0.00118547,6909.19,-0.00056993,15.97,0
2/12/2019,3321.063,0.01485399,7014.67,0.015266623,15.43,0
2/13/2019,3320.51,-0.000166513,7015.88,0.000172496,15.65,0
2/14/2019,3328.353,0.002361987,7022.42,0.000932171,16.22,0
2/15/2019,3341.278,0.003883302,7055.18,0.004665058,14.91,0
2/19/2019,3344.601,0.00099453,7066.61,0.001620086,14.88,0
2/20/2019,3340.554,-0.00121001,7062.34,-0.00060425,14.02,0
2/21/2019,3332.65,-0.002366075,7035.16,-0.003848583,14.46,0
2/22/2019,3374.5597,0.012575488,7090.63,0.007884682,13.51,0
2/25/2019,3394.284,0.005845,7115.43,0.003497574,14.85,0
2/26/2019,3397.75,0.001021128,7123.22,0.001094804,15.17,0
2/27/2019,3393.3433,-0.001296947,7117,-0.000873201,14.7,0
2/28/2019,3380.063,-0.003913633,7097.53,-0.002735703,14.78,0
3/1/2019,3406.343,0.007775003,7151.57,0.007613916,13.57,0
3/4/2019,3402.175,-0.0012236,7150.83,-0.000103474,14.63,0
3/5/2019,3404.046,0.000549942,7156.79,0.00083347,14.74,0
3/6/2019,3386.526,-0.005146816,7112.47,-0.00619272,15.74,0
3/7/2019,3353.232,-0.009831314,7026.88,-0.012033794,16.59,0
3/8/2019,3352.536,-0.000207561,7015.69,-0.001592456,16.05,0
3/11/2019,3428.066,0.022529214,7164.02,0.02114261,14.33,0
3/12/2019,3448.817,0.006053267,7201.28,0.005200991,13.77,0
3/13/2019,3469.469,0.00598814,7256.98,0.007734736,13.41,0
3/14/2019,3466.096,-0.000972195,7243.01,-0.001925043,13.5,0
3/15/2019,3492.645,0.007659626,7306.99,0.008833344,12.88,0
3/18/2019,3499.887,0.0020735,7326.28,0.002639938,13.1,0
3/19/2019,3514.274,0.004110704,7349.28,0.003139383,13.56,0
3/20/2019,3522.475,0.002333626,7380.75,0.004282052,13.91,0
3/21/2019,3601.657,0.022479081,7493.27,0.015245063,13.63,0
3/22/2019,3514.8,-0.024115844,7326.06,-0.02231469,16.48,0
3/25/2019,3499.869,-0.004248037,7316.96,-0.001242141,16.33,0
3/26/2019,3509.428,0.002731245,7351.15,0.004672706,14.68,0
3/27/2019,3481.363,-0.00799703,7308.19,-0.005843984,15.15,0
3/28/2019,3486.189,0.001386239,7320.47,0.001680307,14.43,0
3/29/2019,3519.152,0.009455311,7378.77,0.00796397,13.71,0
4/1/2019,3572.297,0.015101649,7478.42,0.013504961,13.4,0
4/2/2019,3592.732,0.005720409,7499.64,0.002837498,13.36,0
4/3/2019,3621.416,0.007983896,7544.97,0.00604429,13.74,0
4/4/2019,3611.958,-0.002611686,7540.57,-0.00058317,13.58,0
4/5/2019,3622.861,0.003018584,7578.84,0.005075213,12.82,0
4/8/2019,3633.989,0.003071606,7599.74,0.002757678,13.18,0
4/9/2019,3620.103,-0.003821145,7568.49,-0.004111983,14.28,0
4/10/2019,3647.268,0.00750393,7611.49,0.00568145,13.3,0
4/11/2019,3647.066,-5.53839E-05,7594.89,-0.002180913,13.02,0
4/12/2019,3670.902,0.006535665,7628.15,0.00437926,12.01,0
4/15/2019,3670.056,-0.000230461,7629.12,0.000127161,12.32,0
4/16/2019,3685.973,0.004336991,7654.73,0.003356875,12.18,0
4/17/2019,3702.978,0.004613436,7680.72,0.003395286,12.6,0
4/18/2019,3712.614,0.00260223,7689.72,0.001171765,12.09,0
4/22/2019,3730.856,0.004913519,7713.5,0.00309244,12.42,0
4/23/2019,3779.962,0.013162127,7810.71,0.01260258,12.28,0
4/24/2019,3773.989,-0.001580175,7784.41,-0.003367171,13.14,0
4/25/2019,3792.041,0.004783268,7816.92,0.004176296,13.25,0
4/26/2019,3782.795,-0.002438265,7826.68,0.001248574,12.73,0
4/29/2019,3791.613,0.002331081,7839.04,0.001579214,13.11,0
4/30/2019,3753.93,-0.009938514,7781.46,-0.007345287,13.12,0
5/1/2019,3744.379,-0.002544267,7751.85,-0.003805199,14.8,0
5/2/2019,3726.165,-0.004864358,7724.06,-0.003584951,14.42,0
5/3/2019,3768.999,0.011495465,7845.73,0.015752079,12.87,0
5/6/2019,3741.103,-0.007401435,7794.09,-0.006581924,15.44,0
5/7/2019,3660.745,-0.021479761,7640.15,-0.019750863,19.32,0
5/8/2019,3651.731,-0.00246234,7617.55,-0.002958057,19.4,0
5/9/2019,3627.289,-0.006693264,7582.75,-0.004568398,19.1,0
5/10/2019,3629.821,0.000698042,7586.53,0.0004985,16.04,0
5/13/2019,3487.135,-0.039309376,7324.13,-0.034587618,20.55,1
5/14/2019,3529.629,0.012185935,7401.88,0.010615595,18.06,0
5/15/2019,3582.973,0.015113203,7503.25,0.013695169,16.44,0
5/16/2019,3615.43,0.009058678,7580.14,0.010247559,15.29,0
5/17/2019,3578.488,-0.010217872,7503.68,-0.010086885,15.96,0
5/20/2019,3503.8819,-0.020848498,7376.7,-0.016922363,16.31,0
5/21/2019,3550.332,0.013256754,7451.02,0.010074966,14.95,0
5/22/2019,3530.237,-0.005660034,7420.66,-0.00407461,14.75,0
5/23/2019,3469.542,-0.017192897,7307.93,-0.015191371,16.92,0
5/24/2019,3465.844,-0.001065847,7300.96,-0.000953758,15.85,0
5/28/2019,3456.907,-0.002578593,7278.38,-0.003092744,17.5,0
5/29/2019,3429.547,-0.00791459,7216.86,-0.00845243,17.9,0
5/30/2019,3445.775,0.00473182,7245.4,0.003954628,17.3,0
5/31/2019,3385.44,-0.017509849,7127.96,-0.016208905,18.71,0
6/3/2019,3296.034,-0.026408975,6978.02,-0.021035472,18.86,0
6/4/2019,3398.493,0.031085541,7166.75,0.027046354,16.97,0
6/5/2019,3429.704,0.009183776,7220.9,0.007555726,16.09,0
6/6/2019,3461.243,0.009195837,7275.93,0.007620934,15.93,0
6/7/2019,3529.014,0.01957996,7417.29,0.019428444,16.3,0
6/10/2019,3570.406,0.011729055,7501.93,0.011411176,15.94,0
6/11/2019,3575.299,0.001370432,7513.85,0.001588924,15.99,0
6/12/2019,3548.324,-0.007544824,7472.29,-0.005531119,15.91,0
6/13/2019,3567.736,0.005470752,7510.68,0.005137649,15.82,0
6/14/2019,3540.237,-0.007707689,7479.11,-0.004203348,15.28,0
6/17/2019,3560.727,0.005787748,7526.52,0.00633899,15.35,0
6/18/2019,3623.904,0.017742725,7635.4,0.014466181,15.15,0
6/19/2019,3635.412,0.003175581,7667.74,0.004235534,14.33,0
6/20/2019,3679.703,0.012183213,7738.06,0.00917089,14.75,0
6/21/2019,3673.404,-0.001711823,7728.78,-0.001199267,15.4,0
6/24/2019,3675.527,0.000577938,7723.02,-0.000745266,15.26,0
6/25/2019,3601.163,-0.020232201,7591.54,-0.017024428,16.28,0
6/26/2019,3636.193,0.009727413,7627.05,0.004677575,16.21,0
6/27/2019,3650.7641,0.004007241,7657.05,0.003933369,15.82,0
6/28/2019,3655.973,0.001426797,7671.08,0.001832298,15.08,0
7/1/2019,3707.65,0.014134951,7768.14,0.012652716,14.06,0
7/2/2019,3724.199,0.004463474,7799.82,0.004078196,12.93,0
7/3/2019,3749.577,0.006814351,7857.69,0.007419402,12.57,0
7/5/2019,3745.934,-0.000971576,7841.3,-0.002085855,13.28,0
7/8/2019,3714.293,-0.008446759,7785.79,-0.007079183,13.96,0
7/9/2019,3733.706,0.005226567,7826.86,0.005274995,14.09,0
7/10/2019,3769.664,0.009630646,7903.4,0.009779145,13.03,0
7/11/2019,3776.566,0.001830932,7896.78,-0.000837614,12.93,0
7/12/2019,3809.089,0.008611792,7943.24,0.005883411,12.39,0
7/15/2019,3820.607,0.00302382,7966.93,0.00298241,12.68,0
7/16/2019,3792.578,-0.007336269,7927.08,-0.005001927,12.86,0
7/17/2019,3781.248,-0.002987414,7888.76,-0.004834062,13.97,0
7/18/2019,3800.989,0.005220763,7904.13,0.001948342,13.53,0
7/19/2019,3773.574,-0.007212597,7834.9,-0.008758712,14.45,0
7/22/2019,3822.759,0.013034063,7905.12,0.008962463,13.53,0
7/23/2019,3841.971,0.00502569,7954.56,0.006254175,12.61,0
7/24/2019,3876.657,0.009028179,8010.61,0.007046273,12.07,0
7/25/2019,3843.755,-0.008487209,7929.87,-0.010079133,12.74,0
7/26/2019,3901.669,0.015067037,8016.95,0.010981265,12.16,0
7/29/2019,3890.879,-0.002765483,7989.08,-0.003476384,12.83,0
7/30/2019,3867.228,-0.006078575,7952.47,-0.004582505,13.94,0
7/31/2019,3818.678,-0.012554212,7848.78,-0.013038716,16.12,0
8/1/2019,3793.809,-0.006512463,7801.15,-0.006068459,17.87,0
8/2/2019,3725.146,-0.018098697,7692.8,-0.013888978,17.61,0
8/5/2019,3575.501,-0.04017158,7415.69,-0.036021995,24.59,1
8/6/2019,3626.577,0.014284991,7521.32,0.014244123,20.17,1
8/7/2019,3643.341,0.004622541,7551.9,0.004065776,19.49,0
8/8/2019,3735.567,0.025313579,7724.83,0.022898873,16.91,0
8/9/2019,3685.704,-0.013348174,7646.27,-0.010169803,17.97,0
8/12/2019,3641.24,-0.01206391,7561.68,-0.01106291,21.09,1
8/13/2019,3727.738,0.023755094,7728.15,0.022014949,17.52,0
8/14/2019,3606.813,-0.032439243,7490.13,-0.030799092,22.1,1
8/15/2019,3593.7917,-0.003610195,7484.89,-0.000699587,21.18,1
8/16/2019,3656.535,0.017458803,7604.11,0.01592809,18.47,0
8/19/2019,3713.58,0.015600835,7719.32,0.015151017,16.88,0
8/20/2019,3690.286,-0.006272653,7664.47,-0.007105548,17.5,0
8/21/2019,3730.148,0.010801873,7733.22,0.008969961,15.8,0
8/22/2019,3718.326,-0.003169311,7707.43,-0.003334963,16.68,0
8/23/2019,3598.567,-0.032207773,7465,-0.031454064,19.87,0
8/26/2019,3647.216,0.013518992,7575.02,0.014738111,19.32,0
8/27/2019,3640.241,-0.001912418,7566.03,-0.001186796,20.31,1
8/28/2019,3640.71,0.000128838,7587.9,0.002890552,19.35,0
8/29/2019,3707.566,0.018363451,7702.31,0.015077953,17.88,0
8/30/2019,3705.963,-0.000432359,7691,-0.001468391,18.98,0
9/3/2019,3654.854,-0.013791017,7609.51,-0.010595501,19.66,0
9/4/2019,3718.645,0.017453775,7719.25,0.014421428,17.33,0
9/5/2019,3796.952,0.021057939,7862.54,0.018562684,16.27,0
9/6/2019,3784.838,-0.003190454,7852.54,-0.001271854,15,0
9/9/2019,3774.163,-0.002820464,7832.4,-0.002564775,15.27,0
9/10/2019,3771.7,-0.000652595,7814.74,-0.002254737,15.2,0
9/11/2019,3819.246,0.012605987,7887.58,0.009320848,14.61,0
9/12/2019,3828.976,0.002547623,7917.34,0.00377302,14.22,0
9/13/2019,3806.447,-0.005883819,7892.96,-0.003079317,13.74,0
9/16/2019,3801.058,-0.001415756,7852.41,-0.00513749,14.67,0
9/17/2019,3813.413,0.003250411,7888.79,0.004632973,14.44,0
9/18/2019,3821.245,0.002053803,7888.56,-2.91553E-05,13.95,0
9/19/2019,3832.831,0.003031996,7901.79,0.001677112,14.05,0
9/20/2019,3798.525,-0.008950564,7823.55,-0.009901554,15.32,0
9/23/2019,3801.2,0.000704221,7818.61,-0.000631427,14.91,0
9/24/2019,3746.655,-0.014349416,7710.04,-0.0138861,17.05,0
9/25/2019,3800.272,0.014310632,7803.54,0.012127045,15.96,0
9/26/2019,3792.341,-0.002086956,7771.99,-0.004043037,16.07,0
9/27/2019,3739.534,-0.013924644,7681.58,-0.011632799,17.22,0
9/30/2019,3775.838,0.009708161,7749.45,0.008835422,16.24,0
10/1/2019,3736.25,-0.01048456,7684.14,-0.008427695,18.56,0
10/2/2019,3668.065,-0.018249582,7550.79,-0.017353926,20.56,1
10/3/2019,3720.393,0.014265832,7638.4,0.011602759,19.12,0
10/4/2019,3781.75,0.016492075,7754.1,0.015147151,17.04,0
10/7/2019,3771.652,-0.002670192,7725.13,-0.003736088,17.86,0
10/8/2019,3702.94,-0.018218012,7604.27,-0.015645044,20.28,1
10/9/2019,3753.014,0.013522768,7690.53,0.011343627,18.64,0
10/10/2019,3774.301,0.005671975,7740.36,0.006479397,17.57,0
10/11/2019,3834.001,0.015817498,7843.88,0.013374055,15.58,0
10/14/2019,3827.741,-0.001632759,7842.33,-0.000197606,14.57,0
10/15/2019,3878.41,0.013237312,7942.85,0.012817619,13.54,0
10/16/2019,3847.675,-0.007924639,7920.21,-0.002850362,13.68,0
10/17/2019,3845.783,-0.000491726,7942.14,0.002768866,13.79,0
10/18/2019,3805.764,-0.010405943,7868.49,-0.009273319,14.25,0
10/21/2019,3847.1634,0.010878079,7940.33,0.009130087,14,0
10/22/2019,3803.773,-0.011278544,7874.62,-0.008275475,14.46,0
10/23/2019,3818.144,0.003778091,7889.47,0.001885805,14.01,0
10/24/2019,3856.802,0.010124815,7966.72,0.009791532,13.71,0
10/25/2019,3900.082,0.011221732,8029.22,0.007845136,12.65,0
10/28/2019,3951.054,0.013069469,8110.67,0.010144198,13.11,0
10/29/2019,3905.553,-0.011516168,8047.51,-0.007787273,13.2,0
10/30/2019,3926.118,0.00526558,8083.11,0.004423729,12.33,0
10/31/2019,3927.827,0.00043529,8083.83,8.90746E-05,13.22,0
11/1/2019,3974.964,0.012000783,8161.17,0.009567247,12.3,0
11/4/2019,4007.833,0.008269006,8210.66,0.006064081,12.83,0
11/5/2019,4011.235,0.000848838,8210.18,-5.84606E-05,13.1,0
11/6/2019,4003.472,-0.001935314,8196.03,-0.00172347,12.62,0
11/7/2019,4024.917,0.0053566,8219.65,0.002881883,12.73,0
11/8/2019,4048.01,0.00573751,8255.89,0.004408947,12.07,0
11/11/2019,4040.773,-0.001787792,8241.91,-0.001693337,12.69,0
11/12/2019,4059.062,0.004526114,8263.79,0.002654724,12.68,0
11/13/2019,4064.718,0.001393425,8259.81,-0.000481619,13,0
11/14/2019,4058.47,-0.00153713,8257.83,-0.000239715,13.05,0
11/15/2019,4103.935,0.011202497,8315.52,0.006986097,12.05,0
11/18/2019,4110.894,0.00169569,8328.48,0.001558532,12.46,0
11/19/2019,4115.885,0.001214091,8338.74,0.001231917,12.86,0
11/20/2019,4088.232,-0.006718604,8283.75,-0.006594521,12.78,0
11/21/2019,4074.32,-0.003402938,8265.62,-0.002188622,13.13,0
11/22/2019,4072.943,-0.000337971,8272.05,0.000777921,12.34,0
11/25/2019,4126.46,0.013139639,8371.93,0.012074395,11.87,0
11/26/2019,4123.933,-0.000612389,8385.75,0.001650754,11.54,0
11/27/2019,4145.88,0.005321861,8444.71,0.007030975,11.75,0
11/29/2019,4128.281,-0.004244937,8403.69,-0.004857479,12.62,0
12/2/2019,4071.702,-0.01370522,8309.26,-0.011236731,14.91,0
12/3/2019,4043.246,-0.006988724,8254.74,-0.006561354,15.96,0
12/4/2019,4064.331,0.005214869,8296.53,0.005062546,14.8,0
12/5/2019,4079.456,0.0037214,8308.4,0.001430719,14.52,0
12/6/2019,4126.673,0.011574337,8397.37,0.01070844,13.62,0
12/9/2019,4110.146,-0.004004921,8362.74,-0.00412391,15.86,0
12/10/2019,4112.026,0.000457405,8354.29,-0.001010434,15.68,0
12/11/2019,4139.474,0.006675055,8402.61,0.005783855,14.99,0
12/12/2019,4170.458,0.007485009,8466.9,0.007651194,13.94,0
12/13/2019,4182.914,0.002986722,8487.71,0.002457806,12.63,0
12/16/2019,4228.654,0.010934961,8570.33,0.009734074,12.14,0
12/17/2019,4222.029,-0.001566692,8575.7,0.00062658,12.29,0
12/18/2019,4227.673,0.001336798,8580.62,0.000573714,12.58,0
12/19/2019,4258.691,0.007336897,8641.29,0.007070585,12.5,0
12/20/2019,4276.652,0.004217493,8678.49,0.004304913,12.51,0
12/23/2019,4292.106,0.003613574,8696.01,0.002018784,12.61,0
12/24/2019,4289.452,-0.000618344,8699.51,0.000402483,12.67,0
12/26/2019,4327.75,0.008928413,8778.31,0.009057981,12.65,0
12/27/2019,4323.425,-0.000999365,8770.98,-0.000835013,13.43,0
12/30/2019,4292.299,-0.007199385,8709.73,-0.006983256,14.82,0
12/31/2019,4307.707,0.003589685,8733.07,0.002679762,13.78,0
1/2/2020,4390.397,0.019195827,8872.22,0.015933687,12.47,0
1/3/2020,4349.886,-0.009227184,8793.9,-0.008827554,14.02,0
1/6/2020,4382.394,0.007473299,8848.52,0.006211124,13.85,0
1/7/2020,4384.378,0.000452721,8846.45,-0.000233937,13.79,0
1/8/2020,4425.782,0.009443529,8912.37,0.007451577,13.45,0
1/9/2020,4476.721,0.011509604,8989.63,0.00866885,12.54,0
1/10/2020,4470.7519,-0.001333364,8966.64,-0.002557391,12.56,0
1/13/2020,4531.723,0.013637773,9070.65,0.011599663,12.32,0
1/14/2020,4502.947,-0.006349903,9033.42,-0.004104447,12.39,0
1/15/2020,4503.923,0.000216747,9035.67,0.000249075,12.42,0
1/16/2020,4561.308,0.012741115,9125,0.009886373,12.32,0
1/17/2020,4593.41,0.007037894,9173.73,0.005340274,12.1,0
1/21/2020,4587.432,-0.00130143,9166.63,-0.000773949,12.85,0
1/22/2020,4599.921,0.002722438,9188.58,0.002394555,12.91,0
1/23/2020,4618.599,0.004060505,9216.98,0.003090793,12.98,0
1/24/2020,4593.626,-0.005407051,9141.47,-0.008192488,14.56,0
1/27/2020,4484.348,-0.02378905,8952.18,-0.020706735,18.23,0
1/28/2020,4568.025,0.018659792,9090.93,0.015499018,16.28,0
1/29/2020,4588.328,0.00444459,9101.61,0.001174797,16.39,0
1/30/2020,4596.588,0.00180022,9136.09,0.003788341,15.49,0
1/31/2020,4479.22,-0.025533722,8991.51,-0.015825151,18.84,0
2/3/2020,4543.591,0.014371029,9126.23,0.014983023,17.97,0
2/4/2020,4641.357,0.021517342,9334.06,0.022772821,16.05,0
2/5/2020,4663.02,0.004667385,9367.48,0.003580436,15.15,0
2/6/2020,4714.478,0.011035338,9445.92,0.00837365,14.96,0
2/7/2020,4678.528,-0.007625447,9401.1,-0.004744906,15.47,0
2/10/2020,4740.556,0.013258016,9516.84,0.012311325,15.04,0
2/11/2020,4722.828,-0.003739646,9517.86,0.000107178,15.18,0
2/12/2020,4777.962,0.011673938,9613.2,0.010016958,13.74,0
2/13/2020,4761.599,-0.003424682,9595.7,-0.001820414,14.15,0
2/14/2020,4778.854,0.003623783,9623.58,0.002905468,13.68,0
2/18/2020,4767.806,-0.002311851,9629.8,0.000646329,14.83,0
2/19/2020,4809.832,0.008814536,9718.73,0.009234875,14.38,0
2/20/2020,4760.475,-0.010261689,9627.83,-0.009353074,15.56,0
2/21/2020,4649.042,-0.023407958,9446.69,-0.018814208,17.08,0
2/24/2020,4454.307,-0.041887124,9079.63,-0.038855938,25.03,1
2/25/2020,4333.412,-0.027141147,8834.87,-0.026957046,27.85,1
2/26/2020,4356.277,0.005276443,8873.76,0.004401876,27.56,1
2/27/2020,4123.338,-0.053472036,8436.67,-0.049256459,39.16,2
2/28/2020,4164.052,0.009874039,8461.83,0.002982219,40.11,2
3/2/2020,4373.009,0.05018117,8877.98,0.049179669,33.42,2
3/3/2020,4209.533,-0.037382955,8594.49,-0.031931813,36.82,2
3/4/2020,4381.761,0.040913802,8949.28,0.0412811,31.99,2
3/5/2020,4236.894,-0.033061365,8671.66,-0.03102149,39.62,2
3/6/2020,4145.985,-0.02145652,8530.34,-0.016296764,41.94,2
3/9/2020,3841.962,-0.073329498,7948.03,-0.068263399,54.46,2
3/10/2020,4075.203,0.060708825,8372.27,0.053376749,47.3,2
3/11/2020,3881.136,-0.047621431,8006.12,-0.043733659,53.9,2
3/12/2020,3500.33,-0.098117149,7263.65,-0.092737806,75.47,2
3/13/2020,3896.5996,0.113209212,7995.26,0.100722089,57.83,2
3/16/2020,3369.753,-0.135206758,7020.38,-0.121932245,82.69,2
3/17/2020,3591.045,0.065670095,7473.95,0.064607614,75.91,2
3/18/2020,3451.284,-0.038919312,7175.18,-0.039974846,76.45,2
3/19/2020,3505.418,0.015685177,7288.52,0.015796119,72,2
3/20/2020,3369.713,-0.03871293,6994.29,-0.040368964,66.04,2
3/23/2020,3363.139,-0.001950908,7006.92,0.001805759,61.59,2
3/24/2020,3667.39,0.090466377,7553.83,0.078052839,61.67,2
3/25/2020,3620.919,-0.012671409,7469.62,-0.011147987,63.95,2
3/26/2020,3847.811,0.06266144,7897.13,0.057233166,61,2
3/27/2020,3681.307,-0.043272396,7588.37,-0.039097748,65.54,2
3/30/2020,3834.955,0.04173735,7889.01,0.039618522,57.08,2
3/31/2020,3791.195,-0.011410825,7813.5,-0.009571543,53.54,2
4/1/2020,3618.644,-0.045513618,7486.29,-0.04187752,57.06,2
4/2/2020,3682.667,0.017692539,7635.66,0.019952473,50.91,2
4/3/2020,3620.641,-0.016842685,7528.11,-0.014085226,46.8,2
4/6/2020,3915.913,0.08155241,8081.66,0.073531072,45.24,2
4/7/2020,3889.123,-0.006841316,8049.31,-0.00400289,46.7,2
4/8/2020,3989.938,0.025922297,8229.54,0.022390739,43.35,2
4/9/2020,3990.829,0.000223312,8238.53,0.001092406,41.67,2
4/13/2020,4015.045,0.006067912,8332.74,0.011435292,41.17,2
4/14/2020,4186.625,0.042734266,8692.16,0.043133471,37.76,2
4/15/2020,4127.019,-0.014237244,8591.96,-0.011527629,40.84,2
4/16/2020,4184.921,0.014029981,8757.83,0.019305257,40.11,2
4/17/2020,4225.373,0.009666132,8832.41,0.008515808,38.15,2
4/20/2020,4164.983,-0.014292229,8726.51,-0.011989933,43.83,2
4/21/2020,3991.441,-0.041666917,8403,-0.037072094,45.41,2
4/22/2020,4146.566,0.03886441,8664.64,0.031136499,41.98,2
4/23/2020,4130.564,-0.003859097,8641.5,-0.002670625,41.38,2
4/24/2020,4209.557,0.019124023,8786.6,0.016791066,35.93,2
4/27/2020,4230.035,0.004864645,8837.66,0.005811121,33.29,2
4/28/2020,4150.532,-0.01879488,8677.6,-0.018111129,33.57,2
4/29/2020,4340.975,0.045883998,8982.76,0.035166405,31.23,2
4/30/2020,4350.774,0.002257327,9000.51,0.001976007,34.15,2
5/1/2020,4228.736,-0.028049722,8718.18,-0.031368222,37.19,2
5/4/2020,4290.632,0.014636998,8834.11,0.0132975,35.97,2
5/5/2020,4354.051,0.014780806,8930.62,0.0109247,33.61,2
5/6/2020,4384.891,0.007083059,8984.86,0.006073486,34.12,2
5/7/2020,4445.087,0.013728049,9101.88,0.013024132,31.44,2
5/8/2020,4508.817,0.014337177,9220.35,0.013015992,27.98,1
5/11/2020,4554.888,0.01021798,9298.92,0.008521368,27.57,1
5/12/2020,4463.944,-0.019966243,9112.45,-0.020052866,33.04,2
5/13/2020,4382.565,-0.018230291,9000.08,-0.012331481,35.28,2
5/14/2020,4428.527,0.010487466,9094.43,0.01048324,32.61,2
5/15/2020,4454.577,0.005882317,9152.64,0.006400621,31.89,2
5/18/2020,4540.181,0.019217088,9331.93,0.019588884,29.3,1
5/19/2020,4534.336,-0.001287394,9298.55,-0.003576966,30.53,2
5/20/2020,4641.199,0.023567508,9485.02,0.020053664,27.99,1
5/21/2020,4594.691,-0.010020686,9377.99,-0.011284109,29.53,1
5/22/2020,4625.049,0.006607191,9413.99,0.003838776,28.16,1
5/26/2020,4607.349,-0.003826986,9389.98,-0.002550459,28.01,1
5/27/2020,4626.915,0.004246694,9442.05,0.005545273,27.62,1
5/28/2020,4607.744,-0.004143366,9416.71,-0.002683739,28.59,1
5/29/2020,4666.983,0.0128564,9555.52,0.014740817,27.51,1
6/1/2020,4684.972,0.003854524,9598.89,0.004538738,28.23,1
6/2/2020,4720.424,0.007567174,9657.31,0.00608612,26.84,1
6/3/2020,4745.721,0.005359052,9704.69,0.004906128,25.66,1
6/4/2020,4698.361,-0.009979516,9629.66,-0.007731313,25.81,1
6/5/2020,4804.0642,0.022497888,9824.39,0.020221898,24.52,1
6/8/2020,4836.852,0.006825013,9901.52,0.007850869,25.81,1
6/9/2020,4870.676,0.006992978,9967.17,0.006630295,27.57,1
6/10/2020,4943.806,0.015014343,10094.26,0.012750861,27.57,1
6/11/2020,4673.861,-0.054602668,9588.48,-0.050105704,40.79,2
6/12/2020,4729.298,0.011861072,9663.77,0.007852131,36.09,2
6/15/2020,4782.732,0.011298506,9776.89,0.011705577,34.4,2
6/16/2020,4879.083,0.020145599,9949.37,0.017641602,33.67,2
6/17/2020,4886.638,0.001548447,9982.48,0.003327849,33.47,2
6/18/2020,4901.107,0.002960931,10012.05,0.00296219,32.94,2
6/19/2020,4881.917,-0.003915442,10008.64,-0.00034059,35.12,2
6/22/2020,4966.23,0.01727047,10130.33,0.012158495,31.77,2
6/23/2020,4998.121,0.006421571,10209.82,0.007846734,31.37,2
6/24/2020,4892.096,-0.021212972,10002.7,-0.020286352,33.84,2
6/25/2020,4944.488,0.01070952,10101.83,0.009910324,32.22,2
6/26/2020,4813.995,-0.02639161,9849.36,-0.024992501,34.73,2
6/29/2020,4871.064,0.011854811,9961.16,0.011350991,31.78,2
6/30/2020,4966.06,0.019502105,10156.85,0.019645302,30.43,2
7/1/2020,4997.465,0.006323927,10279.25,0.01205098,28.62,1
7/2/2020,5020.087,0.004526695,10341.89,0.00609383,27.68,1
7/6/2020,5119.948,0.019892285,10604.06,0.025350299,27.94,1
7/7/2020,5078.052,-0.008182896,10524.01,-0.007548995,29.43,1
7/8/2020,5166.86,0.017488596,10666.7,0.01355852,28.08,1
7/9/2020,5204.712,0.007325919,10754.59,0.008239662,29.26,1
7/10/2020,5212.238,0.001445997,10836.33,0.007600476,27.29,1
7/13/2020,5084.327,-0.024540514,10602.21,-0.021605101,32.19,2
7/14/2020,5133.414,0.009654572,10689.52,0.008235076,29.52,1
7/15/2020,5143.694,0.002002566,10701.68,0.001137563,27.76,1
7/16/2020,5096.704,-0.009135458,10626.46,-0.007028803,28,1
7/17/2020,5114.483,0.003488333,10645.22,0.001765404,25.68,1
7/20/2020,5261.43,0.028731545,10952.08,0.028826083,24.46,1
7/21/2020,5206.451,-0.010449441,10833.07,-0.010866429,24.84,1
7/22/2020,5234.87,0.005458421,10870.75,0.003478238,24.32,1
7/23/2020,5085.918,-0.028453811,10580.59,-0.026691811,26.08,1
7/24/2020,5029.355,-0.011121493,10483.13,-0.009211207,25.84,1
7/27/2020,5111.927,0.01641801,10674.38,0.018243597,24.74,1
7/28/2020,5043.574,-0.013371279,10532.5,-0.013291638,25.44,1
7/29/2020,5125.377,0.016219252,10662.98,0.012388322,24.1,1
7/30/2020,5160.188,0.006791891,10715.51,0.00492639,24.76,1
7/31/2020,5288.677,0.024900062,10905.88,0.017765837,24.46,1
8/3/2020,5403.388,0.021689924,11055.08,0.013680693,24.28,1
8/4/2020,5406.309,0.000540587,11096.54,0.003750312,23.76,1
8/5/2020,5413.624,0.001353049,11125.44,0.002604415,22.99,1
8/6/2020,5502.043,0.016332682,11267.08,0.012731182,22.65,1
8/7/2020,5417.562,-0.015354478,11139.39,-0.011333016,22.21,1
8/10/2020,5396.337,-0.003917814,11085.17,-0.004867412,22.13,1
8/11/2020,5288.775,-0.01993241,10876.08,-0.018862137,24.03,1
8/12/2020,5412.688,0.023429433,11157.72,0.025895359,22.28,1
8/13/2020,5427.222,0.002685172,11178.37,0.001850737,22.13,1
8/14/2020,5417.082,-0.001868359,11164.45,-0.001245262,22.05,1
8/17/2020,5449.906,0.006059351,11288.57,0.011117431,21.35,1
8/18/2020,5491.521,0.007635912,11399.03,0.009785119,21.51,1
8/19/2020,5472.835,-0.0034027,11318.64,-0.007052354,22.54,1
8/20/2020,5562.367,0.016359346,11477.05,0.013995498,22.72,1
8/21/2020,5615.809,0.00960778,11555.16,0.006805756,22.54,1
8/24/2020,5657.3193,0.007391687,11626.17,0.006145307,22.37,1
8/25/2020,5699.3912,0.00743672,11721.81,0.008226269,22.03,1
8/26/2020,5857.1469,0.027679395,11971.94,0.021338855,23.27,1
8/27/2020,5826.62,-0.005211906,11926.16,-0.003823942,24.47,1
8/28/2020,5874.162,0.008159448,11995.85,0.005843457,22.96,1
8/31/2020,5904.3763,0.005143593,12110.7,0.009574144,26.41,1
9/1/2020,6038.207,0.022666357,12292.86,0.015041245,26.12,1
9/2/2020,6103.7218,0.010850042,12420.54,0.010386517,26.57,1
9/3/2020,5739.432,-0.059683225,11771.37,-0.052265844,33.6,2
9/4/2020,5645.378,-0.016387336,11622.13,-0.012678218,30.75,2
9/8/2020,5383.709,-0.046351015,11068.26,-0.047656497,31.46,2
9/9/2020,5545.9644,0.030138219,11395.85,0.029597245,28.81,1
9/10/2020,5428.414,-0.021195664,11154.12,-0.021212108,29.71,1
9/11/2020,5387.5616,-0.00752566,11087.4,-0.005981646,26.87,1
9/14/2020,5474.504,0.016137616,11277.76,0.017169039,25.85,1
9/15/2020,5543.5825,0.012618221,11438.87,0.014285638,25.59,1
9/16/2020,5444.426,-0.017886719,11247.6,-0.016721057,26.04,1
9/17/2020,5381.098,-0.011631713,11080.95,-0.014816494,26.46,1
9/18/2020,5298.616,-0.015328098,10936.98,-0.012992568,25.83,1
9/21/2020,5343.875,0.008541664,10980.22,0.003953559,27.78,1
9/22/2020,5443.3166,0.018608519,11186.37,0.018774669,26.86,1
9/23/2020,5275.11,-0.030901491,10833.33,-0.031559836,28.58,1
9/24/2020,5308.623,0.006353043,10896.47,0.005828309,28.51,1
9/25/2020,5440.7809,0.024894949,11151.13,0.023370871,26.38,1
9/28/2020,5527.868,0.01600636,11364.45,0.0191299,26.19,1
9/29/2020,5521.424,-0.00116573,11322.95,-0.003651739,26.27,1
9/30/2020,5563.541,0.007627924,11418.06,0.008399754,26.37,1
10/1/2020,5637.107,0.013222874,11583.2,0.014463052,26.7,1
10/2/2020,5493.633,-0.025451708,11255.69,-0.02827457,27.63,1
10/5/2020,5621.723,0.023316082,11509.06,0.022510393,27.96,1
10/6/2020,5532.025,-0.015955606,11291.27,-0.018923353,29.48,1
10/7/2020,5625.497,0.016896525,11503.19,0.018768482,28.06,1
10/8/2020,5659.442,0.006034134,11550.94,0.004151022,26.36,1
10/9/2020,5746.5175,0.015385881,11725.85,0.015142491,25,1
10/12/2020,5927.554,0.031503689,12088.11,0.030894136,25.07,1
10/13/2020,5909.68,-0.003015409,12083.17,-0.000408666,26.07,1
10/14/2020,5874.722,-0.00591538,11985.36,-0.00809473,26.4,1
10/15/2020,5847.1068,-0.004700682,11898.57,-0.007241334,26.97,1
10/16/2020,5835.3401,-0.002012397,11852.17,-0.003899628,27.41,1
10/19/2020,5734.377,-0.017302008,11634.35,-0.018378069,29.18,1
10/20/2020,5758.757,0.004251552,11677.84,0.003738069,29.35,1
10/21/2020,5763.636,0.000847231,11665.37,-0.001067834,28.65,1
10/22/2020,5752.936,-0.001856467,11662.91,-0.000210881,28.11,1
10/23/2020,5771.9426,0.003303809,11692.57,0.002543105,27.55,1
10/26/2020,5649.5,-0.021213413,11504.52,-0.016082863,32.46,2
10/27/2020,5700.031,0.008944331,11598.95,0.008208078,33.35,2
10/28/2020,5446.654,-0.044451864,11142.76,-0.039330284,40.28,2
10/29/2020,5574.12,0.023402625,11350.74,0.018665035,37.59,2
10/30/2020,5438.298,-0.024366537,11052.95,-0.026235294,38.02,2
11/2/2020,5436.985,-0.000241436,11084.76,0.002877965,37.13,2
11/3/2020,5536.179,0.018244303,11279.91,0.017605253,35.55,2
11/4/2020,5800.178,0.047686139,11777.02,0.044070387,29.57,1
11/5/2020,5970.128,0.029300825,12078.07,0.025562494,27.58,1
11/6/2020,5981.576,0.001917547,12091.35,0.001099513,24.86,1
11/9/2020,5851.098,-0.021813315,11830.39,-0.021582371,25.75,1
11/10/2020,5723.2902,-0.021843387,11624.29,-0.017421235,24.8,1
11/11/2020,5867.861,0.025260086,11892.93,0.023110229,23.45,1
11/12/2020,5835.493,-0.00551615,11827.14,-0.005531858,25.35,1
11/13/2020,5872.3343,0.006313314,11937.84,0.009359828,23.1,1
11/16/2020,5916.812,0.007574109,12013.38,0.006327778,22.45,1
11/17/2020,5889.95,-0.004539945,11977.49,-0.002987502,22.71,1
11/18/2020,5827.966,-0.010523689,11894.71,-0.006911298,23.84,1
11/19/2020,5888.922,0.010459224,11985.43,0.00762692,23.11,1
11/20/2020,5838.16,-0.008619914,11906.44,-0.006590502,23.7,1
11/23/2020,5812.562,-0.004384601,11905.94,-4.19941E-05,22.66,1
11/24/2020,5886.956,0.012798831,12079.81,0.014603635,21.64,1
11/25/2020,5905.003,0.003065591,12152.22,0.0059943,21.25,1
11/27/2020,5958.5446,0.009067159,12258.21,0.008721863,20.84,1
11/30/2020,5985.258,0.004483209,12268.32,0.000824753,20.57,1
12/1/2020,6072.6566,0.014602311,12455.33,0.015243326,20.77,1
12/2/2020,6077.903,0.000863938,12456.41,8.67099E-05,21.17,1
12/3/2020,6069.839,-0.001326773,12467.13,0.000860601,21.28,1
12/4/2020,6109.03,0.006456679,12528.48,0.00492094,20.79,1
12/7/2020,6134.172,0.004115547,12596.47,0.005426835,21.3,1
12/8/2020,6155.53,0.003481807,12635.72,0.003115952,20.68,1
12/9/2020,6025.762,-0.021081532,12364.64,-0.021453467,22.27,1
12/10/2020,6045.592,0.00329087,12401.74,0.003000492,22.52,1
12/11/2020,6038.7824,-0.001126374,12375.41,-0.002123089,23.31,1
12/14/2020,6051.369,0.002084294,12462.21,0.007013909,24.72,1
12/15/2020,6141.578,0.014907205,12595.92,0.010729237,22.89,1
12/16/2020,6184.3459,0.006963666,12668.16,0.00573519,22.5,1
12/17/2020,6212.36,0.00452984,12752.06,0.006622903,21.93,1
12/18/2020,6191.823,-0.003305829,12738.18,-0.001088452,21.57,1
12/21/2020,6209.2443,0.002813598,12690.26,-0.003761919,25.16,1
12/22/2020,6262.676,0.008605186,12717.56,0.002151256,24.23,1
12/23/2020,6216.058,-0.007443783,12653.14,-0.005065437,23.31,1
12/24/2020,6244.834,0.0046293,12711.01,0.004573568,21.53,1
12/28/2020,6313.038,0.010921667,12838.86,0.010058209,21.7,1
12/29/2020,6274.059,-0.006174365,12843.49,0.000360624,23.08,1
12/30/2020,6252.519,-0.003433184,12845.36,0.000145599,22.77,1
12/31/2020,6262.453,0.0015888,12888.28,0.003341284,22.75,1
1/4/2021,6153.443,-0.017406917,12694.66,-0.015022951,26.97,1
1/5/2021,6208.735,0.008985539,12802.38,0.008485458,25.34,1
1/6/2021,6080.581,-0.02064092,12623.35,-0.013984119,25.07,1
1/7/2021,6265.469,0.030406305,12939.57,0.025050403,22.37,1
1/8/2021,6308.4443,0.006859072,13105.2,0.012800271,21.56,1
1/11/2021,6234.326,-0.011749061,12902.49,-0.015467906,24.08,1
1/12/2021,6214.577,-0.003167784,12892.09,-0.000806046,23.33,1
1/13/2021,6246.2137,0.005090725,12973.63,0.006324808,22.21,1
1/14/2021,6204.813,-0.006628127,12898.69,-0.005776332,23.25,1
1/15/2021,6159.731,-0.00726565,12803.93,-0.007346482,24.34,1
1/19/2021,6270.101,0.01791799,12996.54,0.015043038,23.24,1
1/20/2021,6425.324,0.024756061,13296.45,0.023076142,21.58,1
1/21/2021,6508.759,0.012985337,13404.99,0.008163081,21.32,1
1/22/2021,6507.249,-0.000231995,13366.4,-0.002878779,21.91,1
1/25/2021,6562.957,0.008560914,13483.29,0.008745062,23.19,1
1/26/2021,6565.903,0.000448883,13490.19,0.000511745,23.02,1
1/27/2021,6412.332,-0.023389167,13112.65,-0.027986263,37.21,2
1/28/2021,6443.2016,0.004814099,13201.53,0.006778187,30.21,2
1/29/2021,6299.4459,-0.022311222,12925.38,-0.02091803,33.09,2
2/1/2021,6460.161,0.025512577,13248.9,0.025029825,30.24,2
2/2/2021,6548.702,0.013705696,13456.12,0.015640544,25.56,1
2/3/2021,6579.829,0.004753156,13402.37,-0.003994465,22.91,1
2/4/2021,6643.503,0.009677151,13560.89,0.011827759,21.77,1
2/5/2021,6659.968,0.002478361,13603.96,0.003176045,20.87,1
2/8/2021,6708.896,0.007346582,13695.02,0.006693639,21.24,1
2/9/2021,6707.945,-0.000141752,13687.08,-0.000579773,21.63,1
2/10/2021,6718.729,0.001607646,13655.27,-0.00232409,21.99,1
2/11/2021,6774.08,0.008238314,13734.35,0.005791171,21.25,1
2/12/2021,6805.3547,0.004616819,13807.7,0.005340624,19.97,0
2/16/2021,6794.856,-0.001542712,13773.77,-0.002457325,21.46,1
2/17/2021,6732.418,-0.00918901,13699.71,-0.005376887,21.5,1
2/18/2021,6696.119,-0.005391674,13637.51,-0.004540242,22.49,1
2/19/2021,6689.9123,-0.00092691,13580.78,-0.00415985,22.05,1
2/22/2021,6511.503,-0.026668406,13223.74,-0.026290095,23.45,1
2/23/2021,6496.3013,-0.002334592,13194.71,-0.002195294,23.11,1
2/24/2021,6560.724,0.009916828,13302.19,0.008145689,21.34,1
2/25/2021,6316.013,-0.03729939,12828.31,-0.035624209,28.89,1
2/26/2021,6367.909,0.008216576,12909.44,0.006324294,27.95,1
3/1/2021,6570.959,0.031886448,13282.95,0.028933091,23.35,1
3/2/2021,6449.7198,-0.018450762,13059.95,-0.016788439,24.1,1
3/3/2021,6267.378,-0.028271275,12683.33,-0.028837783,26.67,1
3/4/2021,6158.426,-0.017383984,12464,-0.017292777,28.57,1
3/5/2021,6273.771,0.018729623,12668.51,0.016408055,24.66,1
3/8/2021,6058.016,-0.034390002,12299.08,-0.029161283,25.47,1
3/9/2021,6289.596,0.038227037,12794.49,0.040280249,24.03,1
3/10/2021,6246.789,-0.006806002,12752.07,-0.00331549,22.56,1
3/11/2021,6413.702,0.026719808,13052.9,0.02359068,21.91,1
3/12/2021,6339.2876,-0.01160241,12937.29,-0.008857036,20.69,1
3/15/2021,6418.563,0.012505411,13082.54,0.011227235,20.03,1
3/16/2021,6477.048,0.009111853,13152.28,0.005330769,19.79,0
3/17/2021,6484.729,0.00118588,13202.38,0.003809225,19.23,0
3/18/2021,6281.978,-0.031265917,12789.14,-0.031300417,21.58,1
3/19/2021,6318.619,0.005832717,12866.99,0.006087196,20.95,1
3/22/2021,6431.745,0.017903596,13086.51,0.017060711,18.88,0
3/23/2021,6396.417,-0.005492755,13017.79,-0.005251209,20.3,1
3/24/2021,6291.783,-0.016358221,12798.88,-0.016816218,21.2,1
3/25/2021,6274.668,-0.002720215,12780.51,-0.001435282,19.81,0
3/26/2021,6392.382,0.018760196,12979.12,0.015540068,18.86,0
3/29/2021,6381.148,-0.001757404,12965.74,-0.001030887,20.74,1
3/30/2021,6333.04,-0.007539082,12896.53,-0.005337914,19.61,0
3/31/2021,6450.377,0.018527753,13091.44,0.015113368,19.4,0
4/1/2021,6600.443,0.023264687,13329.51,0.018185165,17.33,0
4/5/2021,6756.545,0.023650231,13598.16,0.020154529,17.91,0
4/6/2021,6739.087,-0.002583865,13578.46,-0.001448725,18.12,0
4/7/2021,6786.579,0.007047245,13616.7,0.002816225,17.16,0
4/8/2021,6877.133,0.0133431,13758.5,0.010413683,16.95,0
4/9/2021,6935.985,0.008557636,13845.05,0.006290657,16.69,0
4/12/2021,6899.254,-0.005295715,13819.35,-0.001856259,16.91,0
4/13/2021,6972.553,0.010624192,13986.49,0.012094635,16.65,0
4/14/2021,6882.542,-0.012909332,13803.91,-0.013054026,16.99,0
4/15/2021,7012.065,0.018819064,14026.19,0.016102684,16.57,0
4/16/2021,6995.678,-0.002336972,14041.91,0.001120761,16.25,0
4/19/2021,6933.597,-0.008874193,13907.67,-0.009559953,17.29,0
4/20/2021,6879.154,-0.007852057,13809.3,-0.007073076,18.68,0
4/21/2021,6931.859,0.007661553,13935.15,0.009113424,17.5,0
4/22/2021,6847.237,-0.012207692,13762.36,-0.012399579,18.71,0
4/23/2021,6959.076,0.01633345,13941.44,0.013012303,17.33,0
4/26/2021,7009.495,0.007245071,14026.16,0.006076847,17.64,0
4/27/2021,6988.498,-0.002995508,13960.28,-0.004696938,17.56,0
4/28/2021,6952.499,-0.005151178,13901.62,-0.004201921,17.28,0
4/29/2021,6986.913,0.004949875,13970.21,0.004933957,17.61,0
4/30/2021,6889.449,-0.013949508,13860.76,-0.007834528,18.61,0
5/3/2021,6858.562,-0.004483232,13799.72,-0.004403799,18.31,0
5/4/2021,6719.596,-0.020261682,13544.67,-0.018482259,19.48,0
5/5/2021,6710.922,-0.001290851,13503.37,-0.00304917,19.15,0
5/6/2021,6758.322,0.007063113,13613.73,0.008172775,18.39,0
5/7/2021,6808.026,0.007354488,13719.63,0.007778911,16.69,0
5/10/2021,6624.1685,-0.027005993,13359.08,-0.026279863,19.66,0
5/11/2021,6611.017,-0.001985381,13351.27,-0.000584621,21.84,1
5/12/2021,6421.612,-0.028649904,13001.63,-0.026187771,27.59,1
5/13/2021,6491.674,0.010910345,13109.15,0.008269732,23.13,1
5/14/2021,6652.1352,0.024718,13393.12,0.021661969,18.81,0
5/17/2021,6612.795,-0.005913921,13312.91,-0.005988896,19.72,0
5/18/2021,6558.261,-0.00824674,13217.68,-0.007153207,21.34,1
5/19/2021,6589.8,0.004809049,13237.91,0.001530526,22.18,1
5/20/2021,6721.935,0.020051443,13494.09,0.019351997,20.67,1
5/21/2021,6685.4482,-0.00542802,13411.74,-0.006102672,20.15,1
5/24/2021,6820.273,0.020166905,13641.75,0.0171499,18.4,0
5/25/2021,6832.2228,0.0017521,13657.73,0.001171404,18.84,0
5/26/2021,6851.234,0.002782579,13702.74,0.00329557,17.36,0
5/27/2021,6818.842,-0.004727907,13657.85,-0.003275987,16.74,0
5/28/2021,6830.26,0.001674478,13686.51,0.002098427,16.76,0
6/1/2021,6813.533,-0.002448955,13654.59,-0.002332223,17.9,0
6/2/2021,6832.2442,0.002746182,13675.79,0.001552591,17.48,0
6/3/2021,6761.519,-0.010351679,13529.68,-0.010683843,18.04,0
6/4/2021,6899.935,0.02047114,13770.77,0.017819342,16.42,0
6/7/2021,6928.9511,0.004205271,13802.89,0.002332477,16.42,0
6/8/2021,6926.6403,-0.000333499,13810.86,0.000577415,17.07,0
6/9/2021,6927.463,0.000118773,13814.94,0.00029542,17.89,0
6/10/2021,6988.121,0.008756164,13960.35,0.010525561,16.1,0
6/11/2021,7024.908,0.005264219,13998.3,0.002718413,15.65,0
6/14/2021,7111.254,0.012291407,14128.2,0.009279698,16.39,0
6/15/2021,7060.612,-0.007121388,14030.41,-0.006921618,17.02,0
6/16/2021,7031.099,-0.004179949,13983.01,-0.003378376,18.15,0
6/17/2021,7123.304,0.013113882,14163.81,0.012929977,17.75,0
6/18/2021,7058.011,-0.009166112,14049.58,-0.00806492,20.7,1
6/21/2021,7119.719,0.008742973,14137.23,0.006238621,17.89,0
6/22/2021,7193.813,0.010406871,14270.42,0.009421223,16.66,0
6/23/2021,7194.103,4.03124E-05,14274.24,0.000267687,16.32,0
6/24/2021,7238.13,0.006119873,14365.96,0.006425561,15.97,0
6/25/2021,7221.5949,-0.002284444,14345.18,-0.001446475,15.62,0
6/28/2021,7329.1692,0.014896197,14524.98,0.012533827,15.76,0
6/29/2021,7365.006,0.004889613,14572.75,0.003288817,16.02,0
6/30/2021,7340.861,-0.003278341,14554.8,-0.001231751,15.83,0
7/1/2021,7347.086,0.000847993,14560.05,0.000360706,15.48,0
7/2/2021,7446.513,0.013532848,14727.63,0.011509576,15.07,0
7/6/2021,7484.838,0.005146704,14786.36,0.003987743,16.44,0
7/7/2021,7502.283,0.002330712,14810.54,0.001635291,16.2,0
7/8/2021,7428.813,-0.009793019,14722.14,-0.005968722,19,0
7/9/2021,7495.88,0.009027956,14826.09,0.007060794,16.18,0
7/12/2021,7501.477,0.000746677,14877.89,0.003493841,16.17,0
7/13/2021,7515.302,0.00184297,14874.54,-0.000225166,17.12,0
7/14/2021,7535.599,0.002700756,14900.44,0.00174123,16.33,0
7/15/2021,7460.822,-0.009923166,14794.69,-0.007097106,17.01,0
7/16/2021,7400.864,-0.00803638,14681.38,-0.007658829,18.45,0
7/19/2021,7319.615,-0.010978313,14549.09,-0.009010733,22.5,1
7/20/2021,7433.744,0.015592214,14728.21,0.012311423,19.73,0
7/21/2021,7510.923,0.010382252,14842.63,0.007768765,17.91,0
7/22/2021,7572.479,0.008195531,14940.17,0.006571612,17.69,0
7/23/2021,7686.183,0.015015426,15111.79,0.011487152,17.2,0
7/26/2021,7695.227,0.001176657,15125.95,0.000937017,17.58,0
7/27/2021,7594.689,-0.013064982,14956.97,-0.01117153,19.36,0
7/28/2021,7633.966,0.00517164,15018.1,0.004087058,18.31,0
7/29/2021,7647.096,0.001719945,15048.36,0.002014902,17.7,0
7/30/2021,7628.446,-0.002438834,14959.9,-0.005878381,18.24,0
8/2/2021,7629.721,0.000167138,14963.62,0.000248665,19.46,0
8/3/2021,7680.918,0.006710206,15061.42,0.006535852,18.04,0
8/4/2021,7711.006,0.00391724,15083.39,0.001458694,17.97,0
8/5/2021,7752.7869,0.005418346,15181.64,0.006513788,17.28,0
8/6/2021,7725.55,-0.003513175,15109.36,-0.004761014,16.15,0
8/9/2021,7718.2761,-0.000941538,15133.11,0.001571873,16.72,0
8/10/2021,7660.643,-0.007467095,15053.58,-0.005255364,16.79,0
8/11/2021,7653.102,-0.000984382,15027.76,-0.001715207,16.06,0
8/12/2021,7714.577,0.008032691,15088.98,0.004073794,15.59,0
8/13/2021,7749.0959,0.004474503,15136.68,0.003161247,15.45,0
8/16/2021,7766.366,0.00222866,15140.77,0.000270205,16.12,0
8/17/2021,7686.32,-0.010306751,15002.83,-0.009110501,17.91,0
8/18/2021,7593.995,-0.0120116,14857.92,-0.009658844,21.57,1
8/19/2021,7649.834,0.007353047,14933.94,0.005116463,21.67,1
8/20/2021,7754.549,0.013688532,15092.57,0.010622113,18.56,0
8/23/2021,7867.337,0.014544753,15312.82,0.014593273,17.15,0
8/24/2021,7884.382,0.002166553,15357.68,0.002929571,17.22,0
8/25/2021,7896.348,0.001517684,15368.92,0.000731881,16.79,0
8/26/2021,7855.134,-0.005219375,15278.52,-0.005882001,18.84,0
8/27/2021,7951.7022,0.012293641,15432.95,0.010107654,16.39,0
8/30/2021,8044.824,0.011710926,15605.09,0.011154057,16.19,0
8/31/2021,7998.124,-0.005804975,15582.51,-0.001446964,16.48,0
9/1/2021,8010.308,0.001523357,15611.57,0.001864911,16.11,0
9/2/2021,8002.791,-0.000938416,15604.25,-0.000468883,16.41,0
9/3/2021,8044.803,0.005249669,15652.86,0.003115177,16.41,0
9/7/2021,8052.558,0.000963976,15675.76,0.001462991,18.14,0
9/8/2021,7996.914,-0.006910102,15620.85,-0.00350286,17.96,0
9/9/2021,7974.411,-0.00281396,15561.05,-0.003828217,18.8,0
9/10/2021,7894.9845,-0.009960171,15440.75,-0.007730841,20.95,1
9/13/2021,7902.7347,0.000981661,15434.5,-0.000404773,19.37,0
9/14/2021,7899.1121,-0.000458398,15382.9,-0.00334316,19.46,0
9/15/2021,7972.069,0.009236089,15503.53,0.007841824,18.18,0
9/16/2021,7979.664,0.000952701,15515.91,0.000798528,18.69,0
9/17/2021,7857.4346,-0.015317612,15333.47,-0.011758253,20.81,1
9/20/2021,7700.004,-0.020035878,15012.19,-0.020952857,25.71,1
9/21/2021,7718.428,0.002392726,15027.77,0.001037823,24.36,1
9/22/2021,7794.144,0.00980977,15176.51,0.009897676,20.87,1
9/23/2021,7874.749,0.010341739,15316.58,0.009229395,18.63,0
9/24/2021,7892.509,0.00225531,15329.68,0.000855282,17.75,0
9/27/2021,7810.996,-0.010327894,15204.83,-0.008144332,18.76,0
9/28/2021,7548.284,-0.033633611,14770.3,-0.028578419,23.25,1
9/29/2021,7519.709,-0.003785629,14752.89,-0.001178717,22.56,1
9/30/2021,7488.4,-0.004163592,14689.62,-0.004288651,23.14,1
10/1/2021,7590.077,0.013577934,14791.87,0.006960697,21.15,1
10/4/2021,7394.076,-0.025823322,14472.12,-0.021616604,22.96,1
10/5/2021,7517.531,0.016696474,14674.15,0.013959945,21.3,1
10/6/2021,7577,0.007910709,14766.75,0.006310417,21,1
10/7/2021,7642.887,0.008695658,14897.13,0.008829296,19.54,0
10/8/2021,7620.4518,-0.002935435,14820.75,-0.005127162,18.77,0
10/11/2021,7586.037,-0.00451611,14713.73,-0.007220957,20,0
10/12/2021,7549.314,-0.004840868,14662.11,-0.003508288,19.85,0
10/13/2021,7617.878,0.00908215,14774.6,0.007672156,18.64,0
10/14/2021,7784.541,0.021877877,15052.42,0.018803893,16.86,0
10/15/2021,7814.732,0.003878328,15146.92,0.00627806,16.3,0
10/18/2021,7908.071,0.01194398,15300.89,0.010165103,16.31,0
10/19/2021,7977.325,0.008757382,15410.72,0.007178014,15.7,0
10/20/2021,7965.09,-0.001533722,15388.71,-0.001428227,15.49,0
10/21/2021,8021.381,0.007067215,15489.59,0.006555455,15.01,0
10/22/2021,7932.1193,-0.011127972,15355.07,-0.008684542,15.43,0
10/25/2021,7953.056,0.002639484,15514.19,0.010362701,15.24,0
10/26/2021,7964.335,0.001418197,15559.49,0.002919908,15.98,0
10/27/2021,8017.804,0.006713555,15598.39,0.002500082,16.98,0
10/28/2021,8104.355,0.010794851,15778.16,0.011524907,16.53,0
10/29/2021,8167.9124,0.007842376,15850.47,0.004582917,16.26,0
11/1/2021,8143.0209,-0.003047474,15905.28,0.003457942,16.41,0
11/2/2021,8210.8087,0.00832465,15972.49,0.004225641,16.03,0
11/3/2021,8266.362,0.006765874,16144.5,0.010769141,15.1,0
11/4/2021,8395.648,0.015640012,16346.24,0.012495896,15.44,0
11/5/2021,8413.465,0.002122171,16359.38,0.000803855,16.48,0
11/8/2021,8458.422,0.005343458,16336.03,-0.001427316,17.22,0
11/9/2021,8452.714,-0.00067483,16219.94,-0.007106378,17.78,0
11/10/2021,8267.08,-0.021961467,15985.57,-0.014449499,18.73,0
11/11/2021,8316.299,0.005953614,16032.47,0.002933896,17.66,0
11/12/2021,8440.552,0.014940901,16199.88,0.010441934,16.29,0
11/15/2021,8431.737,-0.001044363,16189.12,-0.000664202,16.49,0
11/16/2021,8496.492,0.007679912,16309.77,0.007452536,16.37,0
11/17/2021,8480.754,-0.001852294,16308.07,-0.000104232,17.11,0
11/18/2021,8574.729,0.011080972,16482.97,0.010724752,17.59,0
11/19/2021,8632.8,0.006772342,16573.34,0.005482628,17.91,0
11/22/2021,8504.996,-0.014804467,16380.98,-0.011606592,19.17,0
11/23/2021,8453.978,-0.005998592,16306.72,-0.004533306,19.38,0
11/24/2021,8510.912,0.006734581,16367.81,0.003746308,18.58,0
11/26/2021,8309.033,-0.02372002,16025.58,-0.020908723,28.62,1
11/29/2021,8522.793,0.025726219,16399.24,0.023316473,22.96,1
11/30/2021,8403.182,-0.014034249,16135.92,-0.016056842,27.19,1
12/1/2021,8259.419,-0.017108162,15877.72,-0.016001567,31.12,2
12/2/2021,8317.846,0.007073984,15990.76,0.00711941,27.95,1
12/3/2021,8169.093,-0.017883596,15712.04,-0.017430066,30.67,2
12/6/2021,8242.604,0.008998673,15846.16,0.008536129,27.18,1
12/7/2021,8538.0238,0.035840591,16325.66,0.030259697,21.89,1
12/8/2021,8602.46,0.007546969,16394.34,0.004206874,19.9,0
12/9/2021,8494.84,-0.012510375,16149.57,-0.014930153,21.58,1
12/10/2021,8626.911,0.015547203,16331.98,0.011295038,18.69,0
12/13/2021,8500.125,-0.01469657,16082.55,-0.01527249,20.31,1
12/14/2021,8361.505,-0.016307995,15914.9,-0.010424342,21.89,1
12/15/2021,8588.137,0.027104212,16289.59,0.023543346,19.29,0
12/16/2021,8310.002,-0.032385953,15863.94,-0.026130185,20.57,1
12/17/2021,8272.53,-0.004509265,15801.46,-0.003938492,21.57,1
12/20/2021,8183.902,-0.01071353,15627.64,-0.011000249,22.87,1
12/21/2021,8392.1,0.025439943,15986.28,0.022949083,21.01,1
12/22/2021,8486.116,0.011202917,16180.14,0.012126649,18.63,0
12/23/2021,8537.006,0.005996854,16308.21,0.007915259,17.96,0
12/27/2021,8714.688,0.020813152,16567.5,0.015899354,17.68,0
12/28/2021,8647.175,-0.007747036,16488.66,-0.004758714,17.54,0
12/29/2021,8643.601,-0.000413314,16491.01,0.000142522,16.95,0
12/30/2021,8599.092,-0.005149358,16429.1,-0.003754167,17.33,0
12/31/2021,8537.983,-0.007106448,16320.08,-0.006635787,17.22,0
1/3/2022,8593.113,0.006457029,16501.77,0.011132911,16.6,0
1/4/2022,8480.868,-0.013062205,16279.73,-0.013455526,16.91,0
1/5/2022,8162.978,-0.037483192,15771.78,-0.031201377,19.73,0
1/6/2022,8150.442,-0.001535714,15765.36,-0.000407056,19.61,0
1/7/2022,8076.961,-0.009015585,15592.19,-0.010984208,18.76,0
1/10/2022,8109.015,0.003968572,15614.43,0.001426355,19.4,0
1/11/2022,8212.795,0.012798102,15844.12,0.014710111,18.41,0
1/12/2022,8251.461,0.00470802,15905.1,0.003848746,17.62,0
1/13/2022,8010.679,-0.029180529,15495.62,-0.025745201,20.31,1
1/14/2022,8095.19,0.010549792,15611.59,0.00748405,19.19,0
1/18/2022,7871.547,-0.027626652,15210.76,-0.025675155,22.79,1
1/19/2022,7783.12,-0.011233751,15047.84,-0.010710839,23.85,1
1/20/2022,7673.892,-0.014033961,14846.46,-0.013382652,25.59,1
1/21/2022,7509.899,-0.021370251,14438.4,-0.02748534,28.85,1
1/24/2022,7565.339,0.007382256,14509.58,0.004929909,29.9,1
1/25/2022,7357.366,-0.027490242,14149.12,-0.024842897,31.16,2
1/26/2022,7412.509,0.007494938,14172.76,0.001670775,31.96,2
1/27/2022,7354.575,-0.007815707,14003.11,-0.011970146,30.49,2
1/28/2022,7636.958,0.038395557,14454.61,0.032242837,27.66,1
1/31/2022,7870.558,0.030588095,14930.05,0.032891929,24.83,1
2/1/2022,7907.682,0.004716819,15019.68,0.006003329,21.96,1
2/2/2022,8048.487,0.017806103,15139.74,0.007993513,22.09,1
2/3/2022,7668.063,-0.047266524,14501.11,-0.042182362,24.35,1
2/4/2022,7732.151,0.008357782,14694.35,0.013325876,23.22,1
2/7/2022,7650.834,-0.010516737,14571.25,-0.00837737,22.86,1
2/8/2022,7744.4197,0.012232091,14747.03,0.012063481,21.44,1
2/9/2022,7933.933,0.024470949,15056.96,0.021016435,19.96,0
2/10/2022,7740.938,-0.024325262,14705.64,-0.023332731,23.91,1
2/11/2022,7486.491,-0.032870306,14253.84,-0.030722906,27.36,1
2/14/2022,7492.8415,0.000848261,14268.59,0.001034809,28.33,1
2/15/2022,7695.35,0.02702693,14620.82,0.024685691,25.7,1
2/16/2022,7673.0138,-0.002902558,14603.64,-0.001175037,24.29,1
2/17/2022,7402.492,-0.035256264,14171.74,-0.029574818,28.11,1
2/18/2022,7300.613,-0.013762798,14009.54,-0.011445313,27.75,1
2/22/2022,7232.645,-0.009309903,13870.53,-0.009922524,28.81,1
2/23/2022,7054.5526,-0.024623412,13509.43,-0.026033612,31.02,2
2/24/2022,7343.656,0.040981111,13974.67,0.034438167,30.32,2
2/25/2022,7434.82,0.01241398,14189.16,0.015348484,27.59,1
2/28/2022,7450.322,0.002085054,14237.81,0.003428674,30.15,2
3/1/2022,7326.156,-0.016665857,14005.99,-0.016281998,33.32,2
3/2/2022,7471.546,0.019845332,14243.69,0.01697131,30.74,2
3/3/2022,7359.252,-0.015029553,14035.21,-0.014636657,30.48,2
3/4/2022,7216.871,-0.019347211,13837.83,-0.014063202,31.98,2
3/7/2022,6927.282,-0.04012667,13319.38,-0.037466135,36.45,2
3/8/2022,6911.458,-0.002284301,13267.61,-0.003886818,35.13,2
3/9/2022,7212.556,0.043565048,13742.2,0.035770572,32.45,2
3/10/2022,7091.483,-0.016786421,13591,-0.011002605,30.23,2
3/11/2022,6930.004,-0.022770837,13301.83,-0.02127658,30.75,2
3/14/2022,6761.364,-0.024334762,13046.64,-0.019184578,31.77,2
3/15/2022,6986.083,0.033235749,13458.56,0.03157288,29.83,1
3/16/2022,7247.28,0.03738819,13956.79,0.037019562,26.67,1
3/17/2022,7316.6668,0.009574185,14118.6,0.01159364,25.67,1
3/18/2022,7493.772,0.024205722,14420.08,0.021353392,23.87,1
3/21/2022,7477.418,-0.002182346,14376.09,-0.003050607,23.53,1
3/22/2022,7614.676,0.018356336,14654.33,0.019354359,22.94,1
3/23/2022,7510.998,-0.01361555,14447.55,-0.014110505,23.57,1
3/24/2022,7719.145,0.027712296,14765.69,0.022020343,21.67,1
3/25/2022,7704.656,-0.001877021,14754.31,-0.000770706,20.81,1
3/28/2022,7797.704,0.012076853,14987.4,0.015798096,19.63,0
3/29/2022,7941.813,0.018480953,15239.32,0.016808786,18.9,0
3/30/2022,7832.995,-0.013701909,15071.55,-0.011009021,19.33,0
3/31/2022,7694.589,-0.017669614,14838.49,-0.015463572,20.56,1
4/1/2022,7685.448,-0.001187978,14861.21,0.001531153,19.63,0
4/4/2022,7858.01,0.022453083,15159.58,0.0200771,18.57,0
4/5/2022,7672.38,-0.023623029,14820.64,-0.022358139,21.03,1
4/6/2022,7457.644,-0.027988186,14498.88,-0.021710264,22.1,1
4/7/2022,7472.943,0.002051452,14531.81,0.00227121,21.55,1
4/8/2022,7348.396,-0.016666392,14327.26,-0.014076017,21.16,1
4/11/2022,7157.061,-0.026037655,13990.21,-0.023525084,24.37,1
4/12/2022,7128.8,-0.003948688,13940.24,-0.003571783,24.26,1
4/13/2022,7259.388,0.018318371,14217.29,0.01987412,21.82,1
4/14/2022,7062.252,-0.027156008,13893.21,-0.02279478,22.7,1
4/18/2022,7082.857,0.002917625,13910.76,0.001263207,22.17,1
4/19/2022,7224.696,0.020025676,14210.26,0.021530096,21.37,1
4/20/2022,7158.698,-0.009135056,13998.53,-0.014899798,20.32,1
4/21/2022,6995.072,-0.02285695,13720.45,-0.019864943,22.68,1
4/22/2022,6800.645,-0.027794853,13356.87,-0.026499131,28.21,1
4/25/2022,6926.039,0.018438545,13533.22,0.013202944,27.02,1
4/26/2022,6667.744,-0.037293322,13009.71,-0.038683329,33.52,2
4/27/2022,6677.556,0.001471562,13003.36,-0.000488097,31.6,2
4/28/2022,6981.431,0.045506919,13456.06,0.034814079,29.99,1
4/29/2022,6698.595,-0.040512611,12854.8,-0.044683213,33.4,2
5/2/2022,6837.297,0.020706133,13075.85,0.017195911,32.34,2
5/3/2022,6847.279,0.001459934,13089.9,0.0010745,29.25,1
5/4/2022,7098.595,0.036703047,13535.71,0.034057556,25.42,1
5/5/2022,6731.764,-0.051676564,12850.55,-0.050618697,31.2,2
5/6/2022,6666.904,-0.009634919,12693.54,-0.012218154,30.19,2
5/9/2022,6395.1228,-0.040765729,12187.72,-0.039848616,34.75,2
5/10/2022,6501.4676,0.016629047,12345.86,0.012975356,32.99,2
5/11/2022,6276.7,-0.034571825,11967.56,-0.030641851,32.56,2
5/12/2022,6227.226,-0.007882167,11945.5,-0.001843316,31.77,2
5/13/2022,6457.155,0.036923182,12387.4,0.03699301,28.87,1
5/16/2022,6378.963,-0.012109358,12243.58,-0.011610185,27.47,1
5/17/2022,6544.311,0.025920828,12564.1,0.026178618,26.1,1
5/18/2022,6222.029,-0.049246131,11928.31,-0.050603704,30.96,2
5/19/2022,6181.138,-0.006571972,11875.63,-0.004416384,29.35,1
5/20/2022,6173.25,-0.00127614,11835.62,-0.003369084,29.43,1
5/23/2022,6306.276,0.021548779,12034.28,0.016784926,28.48,1
5/24/2022,6143.272,-0.025847901,11769.84,-0.021973895,29.45,1
5/25/2022,6223.884,0.013121998,11943.93,0.014791195,28.37,1
5/26/2022,6381.448,0.025316025,12276.79,0.027868549,27.5,1
5/27/2022,6613.012,0.036287062,12681.42,0.032958941,25.72,1
5/31/2022,6573.8222,-0.005926165,12642.1,-0.003100599,26.19,1
6/1/2022,6553.817,-0.003043161,12548.36,-0.007414907,25.69,1
6/2/2022,6742.768,0.02883068,12892.89,0.027456178,24.72,1
6/3/2022,6555.427,-0.02778399,12548.03,-0.026748076,24.79,1
6/6/2022,6577.946,0.003435169,12599.63,0.004112199,25.07,1
6/7/2022,6658.038,0.012175837,12711.68,0.008893118,24.02,1
6/8/2022,6601.125,-0.008548014,12615.13,-0.007595377,23.96,1
6/9/2022,6416.27,-0.02800356,12269.78,-0.027375857,26.09,1
6/10/2022,6158.9561,-0.040103347,11832.82,-0.0356127,27.75,1
6/13/2022,5864.2782,-0.04784543,11288.32,-0.046016081,34.02,2
6/14/2022,5897.7033,0.005699781,11311.69,0.002070281,32.69,2
6/15/2022,6044.807,0.02494254,11593.77,0.024937034,29.62,1
6/16/2022,5791.57,-0.041893314,11127.57,-0.040211251,32.95,2
6/17/2022,5858.766,0.011602381,11265.99,0.012439374,31.13,2
6/21/2022,6006.669,0.025244736,11546.76,0.024921911,30.19,2
6/22/2022,5987.022,-0.003270864,11527.71,-0.001649813,28.95,1
6/23/2022,6087.392,0.016764595,11697.68,0.014744472,29.05,1
6/24/2022,6327.629,0.039464684,12105.85,0.034893244,27.23,1
6/27/2022,6274.0764,-0.008463296,12008.24,-0.008063044,26.95,1
6/28/2022,6070.542,-0.032440536,11637.77,-0.030851315,28.36,1
6/29/2022,6082.774,0.002014977,11658.26,0.001760647,28.16,1
6/30/2022,5983.471,-0.016325282,11503.72,-0.013255837,28.71,1
7/1/2022,5995.674,0.002039452,11585.68,0.007124652,26.7,1
7/5/2022,6128.342,0.022127287,11779.9,0.016763798,27.54,1
7/6/2022,6177.937,0.008092727,11852.59,0.006170681,26.73,1
7/7/2022,6329.702,0.024565644,12109.05,0.021637465,26.08,1
7/8/2022,6334.831,0.000810307,12125.69,0.001374179,24.64,1
7/11/2022,6203.649,-0.02070805,11860.28,-0.021888239,26.17,1
7/12/2022,6107.532,-0.015493623,11744.99,-0.009720681,27.29,1
7/13/2022,6076.813,-0.005029691,11728.53,-0.001401449,26.82,1
7/14/2022,6104.062,0.004484094,11768.4,0.003399403,26.4,1
7/15/2022,6211.914,0.01766889,11983.62,0.018287958,24.23,1
7/18/2022,6144.159,-0.010907266,11877.5,-0.008855421,25.3,1
7/19/2022,6342.139,0.032222473,12249.42,0.031312987,24.5,1
7/20/2022,6459.368,0.018484142,12439.68,0.015532164,23.88,1
7/21/2022,6535.3637,0.011765191,12619.41,0.014448121,23.11,1
7/22/2022,6374.4262,-0.024625638,12396.47,-0.017666436,23.03,1
7/25/2022,6323.782,-0.007944903,12328.41,-0.005490273,23.36,1
7/26/2022,6189.113,-0.021295642,12086.9,-0.019589712,24.69,1
7/27/2022,6506.469,0.051276491,12601.47,0.042572537,23.24,1
7/28/2022,6573.862,0.010357845,12717.87,0.009237018,22.33,1
7/29/2022,6681.942,0.016440868,12947.97,0.018092652,21.33,1
8/1/2022,6664.538,-0.002604632,12940.78,-0.000555299,22.84,1
8/2/2022,6642.083,-0.003369326,12901.6,-0.003027638,23.93,1
8/3/2022,6839.296,0.029691439,13253.26,0.027257084,21.95,1
8/4/2022,6865.663,0.003855221,13311.04,0.004359682,21.44,1
8/5/2022,6846.38,-0.002808614,13207.69,-0.007764232,21.15,1
8/8/2022,6803.757,-0.006225626,13159.16,-0.003674375,21.29,1
8/9/2022,6726.379,-0.011372834,13008.17,-0.011474137,21.77,1
8/10/2022,6940.447,0.031825147,13378.32,0.028455194,19.74,0
8/11/2022,6893.178,-0.006810656,13291.99,-0.006452978,20.2,1
8/12/2022,7045.015,0.02202714,13565.87,0.020604891,19.53,0
8/15/2022,7080.66,0.005059606,13667.18,0.007468006,19.95,0
8/16/2022,7050.581,-0.00424805,13635.21,-0.00233918,19.69,0
8/17/2022,6979.303,-0.010109521,13470.86,-0.012053353,19.9,0
8/18/2022,7004.242,0.003573279,13505.99,0.002607851,19.56,0
8/19/2022,6853.638,-0.021501827,13242.9,-0.019479505,20.6,1
8/22/2022,6659.117,-0.028382153,12890.54,-0.026607465,23.8,1
8/23/2022,6646.987,-0.001821563,12881.79,-0.000678792,24.11,1
8/24/2022,6657.929,0.001646159,12917.86,0.002800077,22.82,1
8/25/2022,6792.314,0.020184204,13143.58,0.017473482,21.78,1
8/26/2022,6487.637,-0.044856142,12605.17,-0.040963725,25.56,1
8/29/2022,6399.346,-0.013609115,12484.32,-0.009587336,26.21,1
8/30/2022,6335.595,-0.009962112,12342.7,-0.01134383,26.21,1
8/31/2022,6285.714,-0.007873136,12272.03,-0.005725652,25.87,1
9/1/2022,6250.335,-0.005628478,12274.63,0.000211864,25.56,1
9/2/2022,6166.584,-0.013399442,12098.44,-0.014353997,25.47,1
9/6/2022,6108.324,-0.009447694,12011.31,-0.007201755,26.91,1
9/7/2022,6214.252,0.017341582,12259.39,0.020653867,24.64,1
9/8/2022,6232.049,0.002863901,12321.19,0.005041034,23.61,1
9/9/2022,6381.709,0.024014574,12588.29,0.021678101,22.79,1
9/12/2022,6475.106,0.014635108,12739.72,0.012029434,23.87,1
9/13/2022,6101.274,-0.057733727,12033.62,-0.05542508,27.27,1
9/14/2022,6131.496,0.004953392,12134.4,0.00837487,26.16,1
9/15/2022,5993.027,-0.022583233,11927.49,-0.017051523,26.27,1
9/16/2022,5950.691,-0.00706421,11861.38,-0.005542658,26.3,1
9/19/2022,6003.5,0.008874432,11953.27,0.007746991,25.76,1
9/20/2022,5963.947,-0.006588323,11851.54,-0.008510642,27.16,1
9/21/2022,5870.49,-0.015670327,11637.79,-0.018035631,27.99,1
9/22/2022,5823.282,-0.008041577,11501.65,-0.011698097,27.35,1
9/23/2022,5741.3552,-0.014068836,11311.24,-0.016555016,29.92,1
9/26/2022,5705.218,-0.006294193,11254.11,-0.005050728,32.26,2
9/27/2022,5720.227,0.00263075,11271.75,0.001567427,32.6,2
9/28/2022,5792.283,0.012596703,11493.83,0.019702353,30.18,2
9/29/2022,5623.07,-0.029213524,11164.78,-0.028628403,31.84,2
9/30/2022,5516.224,-0.019001364,10971.22,-0.01733666,31.62,2
10/3/2022,5690.224,0.031543317,11229.73,0.023562557,30.1,2
10/4/2022,5884.982,0.034226772,11582.54,0.031417496,29.07,1
10/5/2022,5898.896,0.002364323,11573.18,-0.000808113,28.55,1
10/6/2022,5865.131,-0.005723952,11485.5,-0.007576137,30.52,2
10/7/2022,5612.778,-0.043025978,11039.47,-0.038834182,31.36,2
10/10/2022,5521.545,-0.016254518,10926.97,-0.010190707,32.45,2
10/11/2022,5435.232,-0.015632038,10791.35,-0.012411492,33.63,2
10/12/2022,5425.473,-0.001795508,10785.62,-0.000530981,33.57,2
10/13/2022,5571.026,0.026827707,11033.58,0.02298987,31.94,2
10/14/2022,5402.925,-0.030174155,10692.06,-0.030952782,32.02,2
10/17/2022,5589.625,0.034555357,11062.53,0.034649076,31.37,2
10/18/2022,5634.543,0.008035959,11147.74,0.007702578,30.5,2
10/19/2022,5609.238,-0.004491047,11103.38,-0.003979282,30.76,2
10/20/2022,5620.486,0.002005263,11046.71,-0.005103851,29.98,1
10/21/2022,5748.59,0.022792335,11310.33,0.023864119,29.69,1
10/24/2022,5822.055,0.012779656,11430.26,0.010603581,29.85,1
10/25/2022,5948.945,0.02179471,11669.99,0.020973276,28.46,1
10/26/2022,5715.128,-0.039303944,11405.9,-0.022629839,27.28,1
10/27/2022,5580.8855,-0.023488975,11191.63,-0.018785892,27.39,1
10/28/2022,5830.871,0.044793161,11546.21,0.031682606,25.75,1
10/31/2022,5742.157,-0.015214537,11405.57,-0.01218062,25.88,1
11/1/2022,5663.354,-0.013723589,11288.95,-0.010224829,25.81,1
11/2/2022,5450.226,-0.037632823,10906.34,-0.033892435,25.86,1
11/3/2022,5294.2931,-0.028610355,10690.6,-0.019781155,25.3,1
11/4/2022,5368.7297,0.014059781,10857.03,0.015567882,24.55,1
11/7/2022,5460.883,0.017164824,10977,0.011049983,24.35,1
11/8/2022,5507.717,0.008576269,11059.5,0.007515715,25.54,1
11/9/2022,5375.57,-0.023993063,10797.55,-0.023685519,26.09,1
11/10/2022,5852.039,0.088635996,11605.96,0.074869762,23.53,1
11/11/2022,5987.569,0.023159449,11817.01,0.018184622,22.52,1
11/14/2022,5920.007,-0.011283711,11700.94,-0.009822282,23.73,1
11/15/2022,6019.998,0.016890352,11871.15,0.014546695,24.54,1
11/16/2022,5922.634,-0.016173427,11699.09,-0.014493962,24.11,1
11/17/2022,5915.988,-0.001122136,11676.86,-0.001900148,23.93,1
11/18/2022,5909.249,-0.001139117,11677.02,1.37023E-05,23.12,1
11/21/2022,5831.776,-0.013110465,11553.45,-0.010582323,22.36,1
11/22/2022,5937.257,0.018087286,11724.84,0.01483453,21.29,1
11/23/2022,6002.101,0.010921542,11838.72,0.009712712,20.35,1
11/25/2022,5947.563,-0.009086485,11756.03,-0.006984708,20.5,1
11/28/2022,5820.389,-0.021382539,11587.75,-0.014314356,22.21,1
11/29/2022,5762.769,-0.009899682,11503.45,-0.007274924,21.89,1
11/30/2022,6078.166,0.054730113,12030.06,0.04577844,20.58,1
12/1/2022,6092.263,0.002319285,12041.89,0.00098337,19.84,0
12/2/2022,6057.39,-0.005724146,11994.26,-0.003955359,19.06,0
12/5/2022,5952.04,-0.017391979,11786.8,-0.017296607,20.75,1
12/6/2022,5814.981,-0.023027231,11549.69,-0.020116571,22.17,1
12/7/2022,5770.234,-0.007695124,11497.39,-0.00452826,22.68,1
12/8/2022,5852.292,0.014220914,11637.5,0.012186244,22.29,1
12/9/2022,5818.34,-0.005801488,11563.33,-0.006373362,22.83,1
12/12/2022,5931.687,0.019480986,11706.44,0.012376193,25,1
12/13/2022,6028.918,0.016391795,11834.21,0.010914505,22.55,1
12/14/2022,5982.183,-0.007751806,11740.92,-0.007883078,21.14,1
12/15/2022,5744.213,-0.039779793,11345.22,-0.03370264,22.83,1
12/16/2022,5685.24,-0.010266506,11243.72,-0.008946499,22.62,1
12/19/2022,5588.184,-0.017071575,11084.59,-0.014152789,22.42,1
12/20/2022,5603.238,0.002693898,11072.42,-0.001097921,21.48,1
12/21/2022,5694.957,0.016368928,11235.88,0.014762807,20.07,1
12/22/2022,5541.717,-0.026908017,10956.14,-0.024897026,21.97,1
12/23/2022,5552.677,0.001977726,10985.45,0.002675212,20.87,1
12/27/2022,5480.503,-0.012998055,10822.51,-0.014832346,21.65,1
12/28/2022,5388.686,-0.016753389,10679.34,-0.013228909,22.14,1
12/29/2022,5547.818,0.029530761,10951.05,0.025442584,21.44,1
12/30/2022,5541.748,-0.001094124,10939.76,-0.001030951,21.67,1
1/3/2023,5493.717,-0.008667121,10862.64,-0.007049515,22.9,1
1/4/2023,5492.68,-0.000188761,10914.8,0.004801779,22.01,1
1/5/2023,5373.497,-0.021698515,10741.22,-0.015903177,22.46,1
1/6/2023,5516.171,0.026551425,11040.35,0.027848792,21.13,1
1/9/2023,5581.125,0.011775197,11108.45,0.006168283,21.97,1
1/10/2023,5619.466,0.006869762,11205.78,0.008761798,20.58,1
1/11/2023,5732.877,0.020181811,11402.52,0.017557011,21.09,1
1/12/2023,5772.14,0.006848743,11459.61,0.005006788,18.83,0
1/13/2023,5805.736,0.005820372,11541.48,0.007144222,18.35,0
1/17/2023,5830.947,0.00434243,11557.19,0.001361177,19.36,0
1/18/2023,5765.451,-0.011232481,11410.29,-0.012710702,20.34,1
1/19/2023,5724.967,-0.007021827,11295.67,-0.010045319,20.52,1
1/20/2023,5911.055,0.032504642,11619.03,0.028626899,19.85,0
1/23/2023,6062.372,0.025598984,11872.54,0.021818517,19.81,0
1/24/2023,6041.903,-0.003376401,11846.64,-0.002181505,19.2,0
1/25/2023,6006.838,-0.005803635,11814.69,-0.002696967,19.08,0
1/26/2023,6134.374,0.021231803,12051.48,0.020041999,18.73,0
1/27/2023,6178.029,0.007116456,12166.6,0.009552354,18.51,0
1/30/2023,6036.681,-0.022879142,11912.39,-0.020894087,19.94,0
1/31/2023,6134.805,0.016254627,12101.93,0.015911165,19.4,0
2/1/2023,6291.276,0.025505456,12363.1,0.021580855,17.87,0
2/2/2023,6575.26,0.045139333,12803.14,0.035593015,18.73,0
2/3/2023,6490.545,-0.012883901,12573.36,-0.01794716,18.33,0
2/6/2023,6404.984,-0.013182406,12464.51,-0.008657193,19.43,0
2/7/2023,6593.527,0.02943692,12728.27,0.02116088,18.66,0
2/8/2023,6455.97,-0.020862431,12495.38,-0.018297066,19.63,0
2/9/2023,6387.313,-0.010634653,12381.17,-0.009140178,20.71,1
2/10/2023,6335.244,-0.008151941,12304.92,-0.006158546,20.53,1
2/13/2023,6453.496,0.018665737,12502.31,0.016041551,20.34,1
2/14/2023,6495.853,0.006563419,12590.89,0.007085091,18.91,0
2/15/2023,6537.16,0.00635898,12687.89,0.007703983,18.23,0
2/16/2023,6402.27,-0.020634343,12442.48,-0.019342066,20.17,1
2/17/2023,6322.375,-0.012479168,12358.18,-0.006775177,20.02,1
