,Date,Last Price
0,2008-02-19,25.59
1,2008-02-20,24.4
2,2008-02-21,25.12
3,2008-02-22,24.06
4,2008-02-25,23.03
5,2008-02-26,21.9
6,2008-02-27,22.69
7,2008-02-28,23.53
8,2008-02-29,26.54
9,2008-03-03,26.28
10,2008-03-04,25.52
11,2008-03-05,24.6
12,2008-03-06,27.55
13,2008-03-07,27.49
14,2008-03-10,29.38
15,2008-03-11,26.36
16,2008-03-12,27.22
17,2008-03-13,27.29
18,2008-03-14,31.16
19,2008-03-17,32.24
20,2008-03-18,25.79
21,2008-03-19,29.84
22,2008-03-20,26.62
23,2008-03-24,25.73
24,2008-03-25,25.72
25,2008-03-26,26.08
26,2008-03-27,25.88
27,2008-03-28,25.71
28,2008-03-31,25.61
29,2008-04-01,22.68
30,2008-04-02,23.43
31,2008-04-03,23.21
32,2008-04-04,22.45
33,2008-04-07,22.42
34,2008-04-08,22.36
35,2008-04-09,22.81
36,2008-04-10,21.98
37,2008-04-11,23.46
38,2008-04-14,23.82
39,2008-04-15,22.78
40,2008-04-16,20.53
41,2008-04-17,20.37
42,2008-04-18,20.13
43,2008-04-21,20.5
44,2008-04-22,20.87
45,2008-04-23,20.26
46,2008-04-24,20.06
47,2008-04-25,19.59
48,2008-04-28,19.64
49,2008-04-29,20.24
50,2008-04-30,20.79
51,2008-05-01,18.88
52,2008-05-02,18.18
53,2008-05-05,18.9
54,2008-05-06,18.21
55,2008-05-07,19.73
56,2008-05-08,19.4
57,2008-05-09,19.41
58,2008-05-12,17.79
59,2008-05-13,17.98
60,2008-05-14,17.66
61,2008-05-15,16.3
62,2008-05-16,16.47
63,2008-05-19,17.01
64,2008-05-20,17.58
65,2008-05-21,18.59
66,2008-05-22,18.05
67,2008-05-23,19.55
68,2008-05-27,19.64
69,2008-05-28,19.07
70,2008-05-29,18.14
71,2008-05-30,17.83
72,2008-06-02,19.83
73,2008-06-03,20.24
74,2008-06-04,20.8
75,2008-06-05,18.63
76,2008-06-06,23.56
77,2008-06-09,23.12
78,2008-06-10,23.18
79,2008-06-11,24.12
80,2008-06-12,23.33
81,2008-06-13,21.22
82,2008-06-16,20.95
83,2008-06-17,21.13
84,2008-06-18,22.24
85,2008-06-19,21.58
86,2008-06-20,22.87
87,2008-06-23,22.64
88,2008-06-24,22.42
89,2008-06-25,21.14
90,2008-06-26,23.93
91,2008-06-27,23.44
92,2008-06-30,23.95
93,2008-07-01,23.65
94,2008-07-02,25.92
95,2008-07-03,24.78
96,2008-07-07,25.78
97,2008-07-08,23.15
98,2008-07-09,25.23
99,2008-07-10,25.59
100,2008-07-11,27.49
101,2008-07-14,28.48
102,2008-07-15,28.54
103,2008-07-16,25.1
104,2008-07-17,25.01
105,2008-07-18,24.05
106,2008-07-21,23.05
107,2008-07-22,21.18
108,2008-07-23,21.31
109,2008-07-24,23.44
110,2008-07-25,22.91
111,2008-07-28,24.23
112,2008-07-29,22.03
113,2008-07-30,21.21
114,2008-07-31,22.94
115,2008-08-01,22.57
116,2008-08-04,23.49
117,2008-08-05,21.14
118,2008-08-06,20.23
119,2008-08-07,21.15
120,2008-08-08,20.66
121,2008-08-11,20.12
122,2008-08-12,21.17
123,2008-08-13,21.55
124,2008-08-14,20.34
125,2008-08-15,19.58
126,2008-08-18,20.98
127,2008-08-19,21.28
128,2008-08-20,20.42
129,2008-08-21,19.82
130,2008-08-22,18.81
131,2008-08-25,20.97
132,2008-08-26,20.49
133,2008-08-27,19.76
134,2008-08-28,19.43
135,2008-08-29,20.65
136,2008-09-02,21.99
137,2008-09-03,21.43
138,2008-09-04,24.03
139,2008-09-05,23.06
140,2008-09-08,22.64
141,2008-09-09,25.47
142,2008-09-10,24.52
143,2008-09-11,24.39
144,2008-09-12,25.66
145,2008-09-15,31.7
146,2008-09-16,30.3
147,2008-09-17,36.22
148,2008-09-18,33.1
149,2008-09-19,32.07
150,2008-09-22,33.85
151,2008-09-23,35.72
152,2008-09-24,35.19
153,2008-09-25,32.82
154,2008-09-26,34.74
155,2008-09-29,46.72
156,2008-09-30,39.39
157,2008-10-01,39.81
158,2008-10-02,45.26
159,2008-10-03,45.14
160,2008-10-06,52.05
161,2008-10-07,53.68
162,2008-10-08,57.53
163,2008-10-09,63.92
164,2008-10-10,69.95
165,2008-10-13,54.99
166,2008-10-14,55.13
167,2008-10-15,69.25
168,2008-10-16,67.61
169,2008-10-17,70.33
170,2008-10-20,52.97
171,2008-10-21,53.11
172,2008-10-22,69.65
173,2008-10-23,67.8
174,2008-10-24,79.13
175,2008-10-27,80.06
176,2008-10-28,66.96
177,2008-10-29,69.96
178,2008-10-30,62.9
179,2008-10-31,59.89
180,2008-11-03,53.68
181,2008-11-04,47.73
182,2008-11-05,54.56
183,2008-11-06,63.68
184,2008-11-07,56.1
185,2008-11-10,59.98
186,2008-11-11,61.44
187,2008-11-12,66.46
188,2008-11-13,59.83
189,2008-11-14,66.31
190,2008-11-17,69.15
191,2008-11-18,67.64
192,2008-11-19,74.26
193,2008-11-20,80.86
194,2008-11-21,72.67
195,2008-11-24,64.7
196,2008-11-25,60.9
197,2008-11-26,54.92
198,2008-11-28,55.28
199,2008-12-01,68.51
200,2008-12-02,62.98
201,2008-12-03,60.72
202,2008-12-04,63.64
203,2008-12-05,59.93
204,2008-12-08,58.49
205,2008-12-09,58.91
206,2008-12-10,55.73
207,2008-12-11,55.78
208,2008-12-12,54.28
209,2008-12-15,56.76
210,2008-12-16,52.37
211,2008-12-17,49.84
212,2008-12-18,47.34
213,2008-12-19,44.93
214,2008-12-22,44.56
215,2008-12-23,45.02
216,2008-12-24,44.21
217,2008-12-26,43.38
218,2008-12-29,43.9
219,2008-12-30,41.63
220,2008-12-31,40.0
221,2009-01-02,39.19
222,2009-01-05,39.08
223,2009-01-06,38.56
224,2009-01-07,43.39
225,2009-01-08,42.56
226,2009-01-09,42.82
227,2009-01-12,45.84
228,2009-01-13,43.27
229,2009-01-14,49.14
230,2009-01-15,51.0
231,2009-01-16,46.11
232,2009-01-20,56.65
233,2009-01-21,46.42
234,2009-01-22,47.29
235,2009-01-23,47.27
236,2009-01-26,45.69
237,2009-01-27,42.25
238,2009-01-28,39.66
239,2009-01-29,42.63
240,2009-01-30,44.84
241,2009-02-02,45.52
242,2009-02-03,43.06
243,2009-02-04,43.85
244,2009-02-05,43.73
245,2009-02-06,43.37
246,2009-02-09,43.64
247,2009-02-10,46.67
248,2009-02-11,44.53
249,2009-02-12,41.25
250,2009-02-13,42.93
251,2009-02-17,48.66
252,2009-02-18,48.46
253,2009-02-19,47.08
254,2009-02-20,49.3
255,2009-02-23,52.62
256,2009-02-24,45.49
257,2009-02-25,44.67
258,2009-02-26,44.66
259,2009-02-27,46.35
260,2009-03-02,52.65
261,2009-03-03,50.93
262,2009-03-04,47.56
263,2009-03-05,50.17
264,2009-03-06,49.33
265,2009-03-09,49.68
266,2009-03-10,44.37
267,2009-03-11,43.61
268,2009-03-12,41.18
269,2009-03-13,42.36
270,2009-03-16,43.74
271,2009-03-17,40.8
272,2009-03-18,40.06
273,2009-03-19,43.68
274,2009-03-20,45.89
275,2009-03-23,43.23
276,2009-03-24,42.93
277,2009-03-25,42.25
278,2009-03-26,40.36
279,2009-03-27,41.04
280,2009-03-30,45.54
281,2009-03-31,44.14
282,2009-04-01,42.28
283,2009-04-02,42.04
284,2009-04-03,39.7
285,2009-04-06,40.93
286,2009-04-07,40.39
287,2009-04-08,38.85
288,2009-04-09,36.53
289,2009-04-13,37.81
290,2009-04-14,37.67
291,2009-04-15,36.17
292,2009-04-16,35.79
293,2009-04-17,33.94
294,2009-04-20,39.18
295,2009-04-21,37.14
296,2009-04-22,38.1
297,2009-04-23,37.15
298,2009-04-24,36.82
299,2009-04-27,38.32
300,2009-04-28,37.95
301,2009-04-29,36.08
302,2009-04-30,36.5
303,2009-05-01,35.3
304,2009-05-04,34.53
305,2009-05-05,33.36
306,2009-05-06,32.45
307,2009-05-07,33.44
308,2009-05-08,32.05
309,2009-05-11,32.87
310,2009-05-12,31.8
311,2009-05-13,33.65
312,2009-05-14,31.37
313,2009-05-15,33.12
314,2009-05-18,30.24
315,2009-05-19,28.8
316,2009-05-20,29.03
317,2009-05-21,31.35
318,2009-05-22,32.63
319,2009-05-26,30.62
320,2009-05-27,32.36
321,2009-05-28,31.67
322,2009-05-29,28.92
323,2009-06-01,30.04
324,2009-06-02,29.63
325,2009-06-03,31.02
326,2009-06-04,30.18
327,2009-06-05,29.62
328,2009-06-08,29.77
329,2009-06-09,28.27
330,2009-06-10,28.46
331,2009-06-11,28.11
332,2009-06-12,28.15
333,2009-06-15,30.81
334,2009-06-16,32.68
335,2009-06-17,31.54
336,2009-06-18,30.03
337,2009-06-19,27.99
338,2009-06-22,31.17
339,2009-06-23,30.58
340,2009-06-24,29.05
341,2009-06-25,26.36
342,2009-06-26,25.93
343,2009-06-29,25.35
344,2009-06-30,26.35
345,2009-07-01,26.22
346,2009-07-02,27.95
347,2009-07-06,29.0
348,2009-07-07,30.85
349,2009-07-08,31.3
350,2009-07-09,29.78
351,2009-07-10,29.02
352,2009-07-13,26.31
353,2009-07-14,25.02
354,2009-07-15,25.89
355,2009-07-16,25.42
356,2009-07-17,24.34
357,2009-07-20,24.4
358,2009-07-21,23.87
359,2009-07-22,23.47
360,2009-07-23,23.43
361,2009-07-24,23.09
362,2009-07-27,24.28
363,2009-07-28,25.01
364,2009-07-29,25.61
365,2009-07-30,25.4
366,2009-07-31,25.92
367,2009-08-03,25.56
368,2009-08-04,24.89
369,2009-08-05,24.9
370,2009-08-06,25.67
371,2009-08-07,24.76
372,2009-08-10,24.99
373,2009-08-11,25.99
374,2009-08-12,25.45
375,2009-08-13,24.71
376,2009-08-14,24.27
377,2009-08-17,27.89
378,2009-08-18,26.18
379,2009-08-19,26.26
380,2009-08-20,25.09
381,2009-08-21,25.01
382,2009-08-24,25.14
383,2009-08-25,24.92
384,2009-08-26,24.95
385,2009-08-27,24.68
386,2009-08-28,24.76
387,2009-08-31,26.01
388,2009-09-01,29.15
389,2009-09-02,28.9
390,2009-09-03,27.1
391,2009-09-04,25.26
392,2009-09-08,25.62
393,2009-09-09,24.32
394,2009-09-10,23.55
395,2009-09-11,24.15
396,2009-09-14,23.86
397,2009-09-15,23.42
398,2009-09-16,23.69
399,2009-09-17,23.65
400,2009-09-18,23.92
401,2009-09-21,24.06
402,2009-09-22,23.08
403,2009-09-23,23.49
404,2009-09-24,24.95
405,2009-09-25,25.61
406,2009-09-28,24.88
407,2009-09-29,25.19
408,2009-09-30,25.61
409,2009-10-01,28.27
410,2009-10-02,28.68
411,2009-10-05,26.84
412,2009-10-06,25.7
413,2009-10-07,24.68
414,2009-10-08,24.18
415,2009-10-09,23.12
416,2009-10-12,23.01
417,2009-10-13,22.99
418,2009-10-14,22.86
419,2009-10-15,21.72
420,2009-10-16,21.43
421,2009-10-19,21.49
422,2009-10-20,20.9
423,2009-10-21,22.22
424,2009-10-22,20.69
425,2009-10-23,22.27
426,2009-10-26,24.31
427,2009-10-27,24.83
428,2009-10-28,27.91
429,2009-10-29,24.76
430,2009-10-30,30.69
431,2009-11-02,29.78
432,2009-11-03,28.81
433,2009-11-04,27.72
434,2009-11-05,25.43
435,2009-11-06,24.19
436,2009-11-09,23.15
437,2009-11-10,22.84
438,2009-11-11,23.04
439,2009-11-12,24.24
440,2009-11-13,23.36
441,2009-11-16,22.89
442,2009-11-17,22.41
443,2009-11-18,21.63
444,2009-11-19,22.63
445,2009-11-20,22.19
446,2009-11-23,21.16
447,2009-11-24,20.47
448,2009-11-25,20.48
449,2009-11-27,24.74
450,2009-11-30,24.51
451,2009-12-01,21.92
452,2009-12-02,21.12
453,2009-12-03,22.46
454,2009-12-04,21.25
455,2009-12-07,22.1
456,2009-12-08,23.69
457,2009-12-09,22.66
458,2009-12-10,22.32
459,2009-12-11,21.59
460,2009-12-14,21.15
461,2009-12-15,21.49
462,2009-12-16,20.54
463,2009-12-17,22.51
464,2009-12-18,21.68
465,2009-12-21,20.49
466,2009-12-22,19.54
467,2009-12-23,19.71
468,2009-12-24,19.47
469,2009-12-28,19.93
470,2009-12-29,20.01
471,2009-12-30,19.96
472,2009-12-31,21.68
473,2010-01-04,20.04
474,2010-01-05,19.35
475,2010-01-06,19.16
476,2010-01-07,19.06
477,2010-01-08,18.13
478,2010-01-11,17.55
479,2010-01-12,18.25
480,2010-01-13,17.85
481,2010-01-14,17.63
482,2010-01-15,17.91
483,2010-01-19,17.58
484,2010-01-20,18.68
485,2010-01-21,22.27
486,2010-01-22,27.31
487,2010-01-25,25.41
488,2010-01-26,24.55
489,2010-01-27,23.14
490,2010-01-28,23.73
491,2010-01-29,24.62
492,2010-02-01,22.59
493,2010-02-02,21.48
494,2010-02-03,21.6
495,2010-02-04,26.08
496,2010-02-05,26.11
497,2010-02-08,26.51
498,2010-02-09,26.0
499,2010-02-10,25.4
500,2010-02-11,23.96
501,2010-02-12,22.73
502,2010-02-16,22.25
503,2010-02-17,21.72
504,2010-02-18,20.63
505,2010-02-19,20.02
506,2010-02-22,19.94
507,2010-02-23,21.37
508,2010-02-24,20.27
509,2010-02-25,20.1
510,2010-02-26,19.5
511,2010-03-01,19.26
512,2010-03-02,19.06
513,2010-03-03,18.83
514,2010-03-04,18.72
515,2010-03-05,17.42
516,2010-03-08,17.79
517,2010-03-09,17.92
518,2010-03-10,18.57
519,2010-03-11,18.06
520,2010-03-12,17.58
521,2010-03-15,18.0
522,2010-03-16,17.69
523,2010-03-17,16.91
524,2010-03-18,16.62
525,2010-03-19,16.97
526,2010-03-22,16.87
527,2010-03-23,16.35
528,2010-03-24,17.55
529,2010-03-25,18.4
530,2010-03-26,17.77
531,2010-03-29,17.59
532,2010-03-30,17.13
533,2010-03-31,17.59
534,2010-04-01,17.47
535,2010-04-05,17.02
536,2010-04-06,16.23
537,2010-04-07,16.62
538,2010-04-08,16.48
539,2010-04-09,16.14
540,2010-04-12,15.58
541,2010-04-13,16.2
542,2010-04-14,15.59
543,2010-04-15,15.89
544,2010-04-16,18.36
545,2010-04-19,17.34
546,2010-04-20,15.73
547,2010-04-21,16.32
548,2010-04-22,16.47
549,2010-04-23,16.62
550,2010-04-26,17.47
551,2010-04-27,22.81
552,2010-04-28,21.08
553,2010-04-29,18.44
554,2010-04-30,22.05
555,2010-05-03,20.19
556,2010-05-04,23.84
557,2010-05-05,24.91
558,2010-05-06,32.8
559,2010-05-07,40.95
560,2010-05-10,28.84
561,2010-05-11,28.32
562,2010-05-12,25.52
563,2010-05-13,26.68
564,2010-05-14,31.24
565,2010-05-17,30.84
566,2010-05-18,33.55
567,2010-05-19,35.32
568,2010-05-20,45.79
569,2010-05-21,40.1
570,2010-05-24,38.32
571,2010-05-25,34.61
572,2010-05-26,35.02
573,2010-05-27,29.68
574,2010-05-28,32.07
575,2010-06-01,35.54
576,2010-06-02,30.17
577,2010-06-03,29.46
578,2010-06-04,35.48
579,2010-06-07,36.57
580,2010-06-08,33.7
581,2010-06-09,33.73
582,2010-06-10,30.57
583,2010-06-11,28.79
584,2010-06-14,28.58
585,2010-06-15,25.87
586,2010-06-16,25.92
587,2010-06-17,25.05
588,2010-06-18,23.95
589,2010-06-21,24.88
590,2010-06-22,27.05
591,2010-06-23,26.91
592,2010-06-24,29.74
593,2010-06-25,28.53
594,2010-06-28,29.0
595,2010-06-29,34.13
596,2010-06-30,34.54
597,2010-07-01,32.86
598,2010-07-02,30.12
599,2010-07-06,29.65
600,2010-07-07,26.84
601,2010-07-08,25.71
602,2010-07-09,24.98
603,2010-07-12,24.43
604,2010-07-13,24.56
605,2010-07-14,24.89
606,2010-07-15,25.14
607,2010-07-16,26.25
608,2010-07-19,25.97
609,2010-07-20,23.93
610,2010-07-21,25.64
611,2010-07-22,24.63
612,2010-07-23,23.47
613,2010-07-26,22.73
614,2010-07-27,23.19
615,2010-07-28,24.25
616,2010-07-29,24.13
617,2010-07-30,23.5
618,2010-08-02,22.01
619,2010-08-03,22.63
620,2010-08-04,22.21
621,2010-08-05,22.1
622,2010-08-06,21.74
623,2010-08-09,22.14
624,2010-08-10,22.37
625,2010-08-11,25.39
626,2010-08-12,25.73
627,2010-08-13,26.24
628,2010-08-16,26.1
629,2010-08-17,24.33
630,2010-08-18,24.59
631,2010-08-19,26.44
632,2010-08-20,25.49
633,2010-08-23,25.66
634,2010-08-24,27.46
635,2010-08-25,26.7
636,2010-08-26,27.37
637,2010-08-27,24.45
638,2010-08-30,27.21
639,2010-08-31,26.05
640,2010-09-01,23.89
641,2010-09-02,23.19
642,2010-09-03,21.31
643,2010-09-07,23.8
644,2010-09-08,23.25
645,2010-09-09,22.81
646,2010-09-10,21.99
647,2010-09-13,21.21
648,2010-09-14,21.56
649,2010-09-15,22.1
650,2010-09-16,21.72
651,2010-09-17,22.01
652,2010-09-20,21.5
653,2010-09-21,22.35
654,2010-09-22,22.51
655,2010-09-23,23.87
656,2010-09-24,21.71
657,2010-09-27,22.54
658,2010-09-28,22.6
659,2010-09-29,23.25
660,2010-09-30,23.7
661,2010-10-01,22.5
662,2010-10-04,23.53
663,2010-10-05,21.76
664,2010-10-06,21.49
665,2010-10-07,21.56
666,2010-10-08,20.71
667,2010-10-11,18.96
668,2010-10-12,18.93
669,2010-10-13,19.07
670,2010-10-14,19.88
671,2010-10-15,19.03
672,2010-10-18,19.09
673,2010-10-19,20.63
674,2010-10-20,19.79
675,2010-10-21,19.27
676,2010-10-22,18.78
677,2010-10-25,19.85
678,2010-10-26,20.22
679,2010-10-27,20.71
680,2010-10-28,20.88
681,2010-10-29,21.2
682,2010-11-01,21.83
683,2010-11-02,21.57
684,2010-11-03,19.56
685,2010-11-04,18.52
686,2010-11-05,18.26
687,2010-11-08,18.29
688,2010-11-09,19.08
689,2010-11-10,18.47
690,2010-11-11,18.64
691,2010-11-12,20.61
692,2010-11-15,20.2
693,2010-11-16,22.58
694,2010-11-17,21.76
695,2010-11-18,18.75
696,2010-11-19,18.04
697,2010-11-22,18.37
698,2010-11-23,20.63
699,2010-11-24,19.56
700,2010-11-26,22.22
701,2010-11-29,21.53
702,2010-11-30,23.54
703,2010-12-01,21.36
704,2010-12-02,19.39
705,2010-12-03,18.01
706,2010-12-06,18.02
707,2010-12-07,17.99
708,2010-12-08,17.74
709,2010-12-09,17.25
710,2010-12-10,17.61
711,2010-12-13,17.55
712,2010-12-14,17.61
713,2010-12-15,17.94
714,2010-12-16,17.39
715,2010-12-17,16.11
716,2010-12-20,16.41
717,2010-12-21,16.49
718,2010-12-22,15.45
719,2010-12-23,16.47
720,2010-12-27,17.67
721,2010-12-28,17.52
722,2010-12-29,17.28
723,2010-12-30,17.52
724,2010-12-31,17.75
725,2011-01-03,17.61
726,2011-01-04,17.38
727,2011-01-05,17.02
728,2011-01-06,17.4
729,2011-01-07,17.14
730,2011-01-10,17.54
731,2011-01-11,16.89
732,2011-01-12,16.24
733,2011-01-13,16.39
734,2011-01-14,15.46
735,2011-01-18,15.87
736,2011-01-19,17.31
737,2011-01-20,17.99
738,2011-01-21,18.47
739,2011-01-24,17.65
740,2011-01-25,17.59
741,2011-01-26,16.64
742,2011-01-27,16.15
743,2011-01-28,20.04
744,2011-01-31,19.53
745,2011-02-01,17.63
746,2011-02-02,17.3
747,2011-02-03,16.69
748,2011-02-04,15.93
749,2011-02-07,16.28
750,2011-02-08,15.81
751,2011-02-09,15.87
752,2011-02-10,16.09
753,2011-02-11,15.69
754,2011-02-14,15.95
755,2011-02-15,16.37
756,2011-02-16,16.72
757,2011-02-17,16.59
758,2011-02-18,16.43
759,2011-02-22,20.8
760,2011-02-23,22.13
761,2011-02-24,21.32
762,2011-02-25,19.22
763,2011-02-28,18.35
764,2011-03-01,21.01
765,2011-03-02,20.7
766,2011-03-03,18.6
767,2011-03-04,19.06
768,2011-03-07,20.66
769,2011-03-08,19.82
770,2011-03-09,20.22
771,2011-03-10,21.88
772,2011-03-11,20.08
773,2011-03-14,21.13
774,2011-03-15,24.32
775,2011-03-16,29.4
776,2011-03-17,26.37
777,2011-03-18,24.44
778,2011-03-21,20.61
779,2011-03-22,20.21
780,2011-03-23,19.17
781,2011-03-24,18.0
782,2011-03-25,17.91
783,2011-03-28,19.44
784,2011-03-29,18.16
785,2011-03-30,17.71
786,2011-03-31,17.74
787,2011-04-01,17.4
788,2011-04-04,17.5
789,2011-04-05,17.25
790,2011-04-06,16.9
791,2011-04-07,17.11
792,2011-04-08,17.87
793,2011-04-11,16.59
794,2011-04-12,17.09
795,2011-04-13,16.92
796,2011-04-14,16.27
797,2011-04-15,15.32
798,2011-04-18,16.96
799,2011-04-19,15.83
800,2011-04-20,15.07
801,2011-04-21,14.69
802,2011-04-25,15.77
803,2011-04-26,15.62
804,2011-04-27,15.35
805,2011-04-28,14.62
806,2011-04-29,14.75
807,2011-05-02,15.99
808,2011-05-03,16.7
809,2011-05-04,17.08
810,2011-05-05,18.2
811,2011-05-06,18.4
812,2011-05-09,17.16
813,2011-05-10,15.91
814,2011-05-11,16.95
815,2011-05-12,16.03
816,2011-05-13,17.07
817,2011-05-16,18.24
818,2011-05-17,17.55
819,2011-05-18,16.23
820,2011-05-19,15.52
821,2011-05-20,17.43
822,2011-05-23,18.27
823,2011-05-24,17.82
824,2011-05-25,17.07
825,2011-05-26,16.09
826,2011-05-27,15.98
827,2011-05-31,15.45
828,2011-06-01,18.3
829,2011-06-02,18.09
830,2011-06-03,17.95
831,2011-06-06,18.49
832,2011-06-07,18.07
833,2011-06-08,18.79
834,2011-06-09,17.77
835,2011-06-10,18.86
836,2011-06-13,19.61
837,2011-06-14,18.26
838,2011-06-15,21.32
839,2011-06-16,22.73
840,2011-06-17,21.85
841,2011-06-20,19.99
842,2011-06-21,18.86
843,2011-06-22,18.52
844,2011-06-23,19.29
845,2011-06-24,21.1
846,2011-06-27,20.56
847,2011-06-28,19.17
848,2011-06-29,17.27
849,2011-06-30,16.52
850,2011-07-01,15.87
851,2011-07-05,16.06
852,2011-07-06,16.34
853,2011-07-07,15.95
854,2011-07-08,15.95
855,2011-07-11,18.39
856,2011-07-12,19.87
857,2011-07-13,19.91
858,2011-07-14,20.8
859,2011-07-15,19.53
860,2011-07-18,20.95
861,2011-07-19,19.21
862,2011-07-20,19.09
863,2011-07-21,17.56
864,2011-07-22,17.52
865,2011-07-25,19.35
866,2011-07-26,20.23
867,2011-07-27,22.98
868,2011-07-28,23.74
869,2011-07-29,25.25
870,2011-08-01,23.66
871,2011-08-02,24.79
872,2011-08-03,23.38
873,2011-08-04,31.66
874,2011-08-05,32.0
875,2011-08-08,48.0
876,2011-08-09,35.06
877,2011-08-10,42.99
878,2011-08-11,39.0
879,2011-08-12,36.36
880,2011-08-15,31.87
881,2011-08-16,32.85
882,2011-08-17,31.58
883,2011-08-18,42.67
884,2011-08-19,43.05
885,2011-08-22,42.44
886,2011-08-23,36.27
887,2011-08-24,35.9
888,2011-08-25,39.76
889,2011-08-26,35.59
890,2011-08-29,32.28
891,2011-08-30,32.89
892,2011-08-31,31.62
893,2011-09-01,31.82
894,2011-09-02,33.92
895,2011-09-06,37.0
896,2011-09-07,33.38
897,2011-09-08,34.32
898,2011-09-09,38.52
899,2011-09-12,38.59
900,2011-09-13,36.91
901,2011-09-14,34.6
902,2011-09-15,31.97
903,2011-09-16,30.98
904,2011-09-19,32.73
905,2011-09-20,32.86
906,2011-09-21,37.32
907,2011-09-22,41.35
908,2011-09-23,41.25
909,2011-09-26,39.02
910,2011-09-27,37.71
911,2011-09-28,41.08
912,2011-09-29,38.84
913,2011-09-30,42.96
914,2011-10-03,45.45
915,2011-10-04,40.82
916,2011-10-05,37.81
917,2011-10-06,36.27
918,2011-10-07,36.2
919,2011-10-10,33.02
920,2011-10-11,32.86
921,2011-10-12,31.26
922,2011-10-13,30.7
923,2011-10-14,28.24
924,2011-10-17,33.39
925,2011-10-18,31.56
926,2011-10-19,34.44
927,2011-10-20,34.78
928,2011-10-21,31.32
929,2011-10-24,29.26
930,2011-10-25,32.22
931,2011-10-26,29.86
932,2011-10-27,25.46
933,2011-10-28,24.53
934,2011-10-31,29.96
935,2011-11-01,34.77
936,2011-11-02,32.74
937,2011-11-03,30.5
938,2011-11-04,30.16
939,2011-11-07,29.85
940,2011-11-08,27.48
941,2011-11-09,36.16
942,2011-11-10,32.81
943,2011-11-11,30.04
944,2011-11-14,31.13
945,2011-11-15,31.22
946,2011-11-16,33.51
947,2011-11-17,34.51
948,2011-11-18,32.0
949,2011-11-21,32.91
950,2011-11-22,31.97
951,2011-11-23,33.98
952,2011-11-25,34.47
953,2011-11-28,32.13
954,2011-11-29,30.64
955,2011-11-30,27.8
956,2011-12-01,27.41
957,2011-12-02,27.52
958,2011-12-05,27.84
959,2011-12-06,28.13
960,2011-12-07,28.67
961,2011-12-08,30.59
962,2011-12-09,26.38
963,2011-12-12,25.67
964,2011-12-13,25.41
965,2011-12-14,26.04
966,2011-12-15,25.11
967,2011-12-16,24.29
968,2011-12-19,24.92
969,2011-12-20,23.22
970,2011-12-21,21.43
971,2011-12-22,21.16
972,2011-12-23,20.73
973,2011-12-27,21.91
974,2011-12-28,23.52
975,2011-12-29,22.65
976,2011-12-30,23.4
977,2012-01-03,22.97
978,2012-01-04,22.22
979,2012-01-05,21.48
980,2012-01-06,20.63
981,2012-01-09,21.07
982,2012-01-10,20.69
983,2012-01-11,21.05
984,2012-01-12,20.47
985,2012-01-13,20.91
986,2012-01-17,22.2
987,2012-01-18,20.89
988,2012-01-19,19.87
989,2012-01-20,18.28
990,2012-01-23,18.67
991,2012-01-24,18.91
992,2012-01-25,18.31
993,2012-01-26,18.57
994,2012-01-27,18.53
995,2012-01-30,19.4
996,2012-01-31,19.44
997,2012-02-01,18.55
998,2012-02-02,17.98
999,2012-02-03,17.1
1000,2012-02-06,17.76
1001,2012-02-07,17.65
1002,2012-02-08,18.16
1003,2012-02-09,18.63
1004,2012-02-10,20.79
1005,2012-02-13,19.04
1006,2012-02-14,19.54
1007,2012-02-15,21.14
1008,2012-02-16,19.22
1009,2012-02-17,17.78
1010,2012-02-21,18.19
1011,2012-02-22,18.19
1012,2012-02-23,16.8
1013,2012-02-24,17.31
1014,2012-02-27,18.19
1015,2012-02-28,17.96
1016,2012-02-29,18.43
1017,2012-03-01,17.26
1018,2012-03-02,17.29
1019,2012-03-05,18.05
1020,2012-03-06,20.87
1021,2012-03-07,19.07
1022,2012-03-08,17.95
1023,2012-03-09,17.11
1024,2012-03-12,15.64
1025,2012-03-13,14.8
1026,2012-03-14,15.31
1027,2012-03-15,15.42
1028,2012-03-16,14.47
1029,2012-03-19,15.04
1030,2012-03-20,15.58
1031,2012-03-21,15.13
1032,2012-03-22,15.57
1033,2012-03-23,14.82
1034,2012-03-26,14.26
1035,2012-03-27,15.59
1036,2012-03-28,15.47
1037,2012-03-29,15.48
1038,2012-03-30,15.5
1039,2012-04-02,15.64
1040,2012-04-03,15.66
1041,2012-04-04,16.44
1042,2012-04-05,16.7
1043,2012-04-09,18.81
1044,2012-04-10,20.39
1045,2012-04-11,20.02
1046,2012-04-12,17.2
1047,2012-04-13,19.55
1048,2012-04-16,19.55
1049,2012-04-17,18.46
1050,2012-04-18,18.64
1051,2012-04-19,18.36
1052,2012-04-20,17.44
1053,2012-04-23,18.97
1054,2012-04-24,18.1
1055,2012-04-25,16.82
1056,2012-04-26,16.24
1057,2012-04-27,16.32
1058,2012-04-30,17.15
1059,2012-05-01,16.6
1060,2012-05-02,16.88
1061,2012-05-03,17.56
1062,2012-05-04,19.16
1063,2012-05-07,18.94
1064,2012-05-08,19.05
1065,2012-05-09,20.08
1066,2012-05-10,18.83
1067,2012-05-11,19.89
1068,2012-05-14,21.87
1069,2012-05-15,21.97
1070,2012-05-16,22.27
1071,2012-05-17,24.49
1072,2012-05-18,25.1
1073,2012-05-21,22.01
1074,2012-05-22,22.48
1075,2012-05-23,22.33
1076,2012-05-24,21.54
1077,2012-05-25,21.76
1078,2012-05-29,21.03
1079,2012-05-30,24.14
1080,2012-05-31,24.06
1081,2012-06-01,26.66
1082,2012-06-04,26.12
1083,2012-06-05,24.68
1084,2012-06-06,22.16
1085,2012-06-07,21.72
1086,2012-06-08,21.23
1087,2012-06-11,23.56
1088,2012-06-12,22.09
1089,2012-06-13,24.27
1090,2012-06-14,21.68
1091,2012-06-15,21.11
1092,2012-06-18,18.32
1093,2012-06-19,18.38
1094,2012-06-20,17.24
1095,2012-06-21,20.08
1096,2012-06-22,18.11
1097,2012-06-25,20.38
1098,2012-06-26,19.72
1099,2012-06-27,19.45
1100,2012-06-28,19.71
1101,2012-06-29,17.08
1102,2012-07-02,16.8
1103,2012-07-03,16.66
1104,2012-07-05,17.5
1105,2012-07-06,17.1
1106,2012-07-09,17.98
1107,2012-07-10,18.72
1108,2012-07-11,17.95
1109,2012-07-12,18.33
1110,2012-07-13,16.74
1111,2012-07-16,17.11
1112,2012-07-17,16.48
1113,2012-07-18,16.16
1114,2012-07-19,15.45
1115,2012-07-20,16.27
1116,2012-07-23,18.62
1117,2012-07-24,20.47
1118,2012-07-25,19.34
1119,2012-07-26,17.53
1120,2012-07-27,16.7
1121,2012-07-30,18.03
1122,2012-07-31,18.93
1123,2012-08-01,18.96
1124,2012-08-02,17.57
1125,2012-08-03,15.64
1126,2012-08-06,15.95
1127,2012-08-07,15.99
1128,2012-08-08,15.32
1129,2012-08-09,15.28
1130,2012-08-10,14.74
1131,2012-08-13,13.7
1132,2012-08-14,14.85
1133,2012-08-15,14.63
1134,2012-08-16,14.29
1135,2012-08-17,13.45
1136,2012-08-20,14.02
1137,2012-08-21,15.02
1138,2012-08-22,15.11
1139,2012-08-23,15.96
1140,2012-08-24,15.18
1141,2012-08-27,16.35
1142,2012-08-28,16.49
1143,2012-08-29,17.06
1144,2012-08-30,17.83
1145,2012-08-31,17.47
1146,2012-09-04,17.98
1147,2012-09-05,17.74
1148,2012-09-06,15.6
1149,2012-09-07,14.38
1150,2012-09-10,16.28
1151,2012-09-11,16.41
1152,2012-09-12,15.8
1153,2012-09-13,14.05
1154,2012-09-14,14.51
1155,2012-09-17,14.59
1156,2012-09-18,14.18
1157,2012-09-19,13.88
1158,2012-09-20,14.07
1159,2012-09-21,13.98
1160,2012-09-24,14.15
1161,2012-09-25,15.43
1162,2012-09-26,16.81
1163,2012-09-27,14.84
1164,2012-09-28,15.73
1165,2012-10-01,16.32
1166,2012-10-02,15.71
1167,2012-10-03,15.43
1168,2012-10-04,14.55
1169,2012-10-05,14.33
1170,2012-10-08,15.11
1171,2012-10-09,16.37
1172,2012-10-10,16.29
1173,2012-10-11,15.59
1174,2012-10-12,16.14
1175,2012-10-15,15.27
1176,2012-10-16,15.22
1177,2012-10-17,15.07
1178,2012-10-18,15.03
1179,2012-10-19,17.06
1180,2012-10-22,16.62
1181,2012-10-23,18.83
1182,2012-10-24,18.33
1183,2012-10-25,18.12
1184,2012-10-26,17.81
1185,2012-10-31,18.6
1186,2012-11-01,16.69
1187,2012-11-02,17.59
1188,2012-11-05,18.42
1189,2012-11-06,17.58
1190,2012-11-07,19.08
1191,2012-11-08,18.49
1192,2012-11-09,18.61
1193,2012-11-12,16.68
1194,2012-11-13,16.65
1195,2012-11-14,17.92
1196,2012-11-15,17.99
1197,2012-11-16,16.41
1198,2012-11-19,15.24
1199,2012-11-20,15.08
1200,2012-11-21,15.31
1201,2012-11-23,15.14
1202,2012-11-26,15.5
1203,2012-11-27,15.92
1204,2012-11-28,15.51
1205,2012-11-29,15.06
1206,2012-11-30,15.87
1207,2012-12-03,16.64
1208,2012-12-04,17.12
1209,2012-12-05,16.46
1210,2012-12-06,16.58
1211,2012-12-07,15.9
1212,2012-12-10,16.05
1213,2012-12-11,15.57
1214,2012-12-12,15.95
1215,2012-12-13,16.56
1216,2012-12-14,17.0
1217,2012-12-17,16.34
1218,2012-12-18,15.57
1219,2012-12-19,17.36
1220,2012-12-20,17.67
1221,2012-12-21,17.84
1222,2012-12-24,17.84
1223,2012-12-26,19.48
1224,2012-12-27,19.47
1225,2012-12-28,22.72
1226,2012-12-31,18.02
1227,2013-01-02,14.68
1228,2013-01-03,14.56
1229,2013-01-04,13.83
1230,2013-01-07,13.79
1231,2013-01-08,13.62
1232,2013-01-09,13.81
1233,2013-01-10,13.49
1234,2013-01-11,13.36
1235,2013-01-14,13.52
1236,2013-01-15,13.55
1237,2013-01-16,13.42
1238,2013-01-17,13.57
1239,2013-01-18,12.46
1240,2013-01-22,12.43
1241,2013-01-23,12.46
1242,2013-01-24,12.69
1243,2013-01-25,12.89
1244,2013-01-28,13.57
1245,2013-01-29,13.31
1246,2013-01-30,14.32
1247,2013-01-31,14.28
1248,2013-02-01,12.9
1249,2013-02-04,14.67
1250,2013-02-05,13.72
1251,2013-02-06,13.41
1252,2013-02-07,13.5
1253,2013-02-08,13.02
1254,2013-02-11,12.94
1255,2013-02-12,12.64
1256,2013-02-13,12.98
1257,2013-02-14,12.66
1258,2013-02-15,12.46
1259,2013-02-19,12.31
1260,2013-02-20,14.68
1261,2013-02-21,15.22
1262,2013-02-22,14.17
1263,2013-02-25,18.99
1264,2013-02-26,16.87
1265,2013-02-27,14.73
1266,2013-02-28,15.51
1267,2013-03-01,15.36
1268,2013-03-04,14.01
1269,2013-03-05,13.48
1270,2013-03-06,13.53
1271,2013-03-07,13.06
1272,2013-03-08,12.59
1273,2013-03-11,11.56
1274,2013-03-12,12.27
1275,2013-03-13,11.83
1276,2013-03-14,11.3
1277,2013-03-15,11.3
1278,2013-03-18,13.36
1279,2013-03-19,14.39
1280,2013-03-20,12.67
1281,2013-03-21,13.99
1282,2013-03-22,13.57
1283,2013-03-25,13.74
1284,2013-03-26,12.77
1285,2013-03-27,13.15
1286,2013-03-28,12.7
1287,2013-04-01,13.58
1288,2013-04-02,12.78
1289,2013-04-03,14.21
1290,2013-04-04,13.89
1291,2013-04-05,13.92
1292,2013-04-08,13.19
1293,2013-04-09,12.84
1294,2013-04-10,12.36
1295,2013-04-11,12.24
1296,2013-04-12,12.06
1297,2013-04-15,17.27
1298,2013-04-16,13.96
1299,2013-04-17,16.51
1300,2013-04-18,17.56
1301,2013-04-19,14.97
1302,2013-04-22,14.39
1303,2013-04-23,13.48
1304,2013-04-24,13.61
1305,2013-04-25,13.62
1306,2013-04-26,13.61
1307,2013-04-29,13.71
1308,2013-04-30,13.52
1309,2013-05-01,14.49
1310,2013-05-02,13.59
1311,2013-05-03,12.85
1312,2013-05-06,12.66
1313,2013-05-07,12.83
1314,2013-05-08,12.66
1315,2013-05-09,13.13
1316,2013-05-10,12.59
1317,2013-05-13,12.55
1318,2013-05-14,12.77
1319,2013-05-15,12.81
1320,2013-05-16,13.07
1321,2013-05-17,12.45
1322,2013-05-20,13.02
1323,2013-05-21,13.37
1324,2013-05-22,13.82
1325,2013-05-23,14.07
1326,2013-05-24,13.99
1327,2013-05-28,14.48
1328,2013-05-29,14.83
1329,2013-05-30,14.53
1330,2013-05-31,16.3
1331,2013-06-03,16.28
1332,2013-06-04,16.27
1333,2013-06-05,17.5
1334,2013-06-06,16.63
1335,2013-06-07,15.14
1336,2013-06-10,15.44
1337,2013-06-11,17.07
1338,2013-06-12,18.59
1339,2013-06-13,16.41
1340,2013-06-14,17.15
1341,2013-06-17,16.8
1342,2013-06-18,16.61
1343,2013-06-19,16.64
1344,2013-06-20,20.49
1345,2013-06-21,18.9
1346,2013-06-24,20.11
1347,2013-06-25,18.47
1348,2013-06-26,17.21
1349,2013-06-27,16.86
1350,2013-06-28,16.86
1351,2013-07-01,16.37
1352,2013-07-02,16.44
1353,2013-07-03,16.2
1354,2013-07-05,14.89
1355,2013-07-08,14.78
1356,2013-07-09,14.35
1357,2013-07-10,14.21
1358,2013-07-11,14.01
1359,2013-07-12,13.84
1360,2013-07-15,13.79
1361,2013-07-16,14.42
1362,2013-07-17,13.78
1363,2013-07-18,13.77
1364,2013-07-19,12.54
1365,2013-07-22,12.29
1366,2013-07-23,12.66
1367,2013-07-24,13.18
1368,2013-07-25,12.97
1369,2013-07-26,12.72
1370,2013-07-29,13.39
1371,2013-07-30,13.39
1372,2013-07-31,13.45
1373,2013-08-01,12.94
1374,2013-08-02,11.98
1375,2013-08-05,11.84
1376,2013-08-06,12.72
1377,2013-08-07,12.98
1378,2013-08-08,12.73
1379,2013-08-09,13.41
1380,2013-08-12,12.81
1381,2013-08-13,12.31
1382,2013-08-14,13.04
1383,2013-08-15,14.73
1384,2013-08-16,14.37
1385,2013-08-19,15.1
1386,2013-08-20,14.91
1387,2013-08-21,15.94
1388,2013-08-22,14.76
1389,2013-08-23,13.98
1390,2013-08-26,14.99
1391,2013-08-27,16.77
1392,2013-08-28,16.49
1393,2013-08-29,16.81
1394,2013-08-30,17.01
1395,2013-09-03,16.61
1396,2013-09-04,15.88
1397,2013-09-05,15.77
1398,2013-09-06,15.85
1399,2013-09-09,15.63
1400,2013-09-10,14.53
1401,2013-09-11,13.82
1402,2013-09-12,14.29
1403,2013-09-13,14.16
1404,2013-09-16,14.38
1405,2013-09-17,14.53
1406,2013-09-18,13.59
1407,2013-09-19,13.16
1408,2013-09-20,13.12
1409,2013-09-23,14.31
1410,2013-09-24,14.08
1411,2013-09-25,14.01
1412,2013-09-26,14.06
1413,2013-09-27,15.46
1414,2013-09-30,16.6
1415,2013-10-01,15.54
1416,2013-10-02,16.6
1417,2013-10-03,17.67
1418,2013-10-04,16.74
1419,2013-10-07,19.41
1420,2013-10-08,20.34
1421,2013-10-09,19.6
1422,2013-10-10,16.48
1423,2013-10-11,15.72
1424,2013-10-14,16.07
1425,2013-10-15,18.66
1426,2013-10-16,14.71
1427,2013-10-17,13.48
1428,2013-10-18,13.04
1429,2013-10-21,13.16
1430,2013-10-22,13.33
1431,2013-10-23,13.42
1432,2013-10-24,13.2
1433,2013-10-25,13.09
1434,2013-10-28,13.31
1435,2013-10-29,13.41
1436,2013-10-30,13.65
1437,2013-10-31,13.75
1438,2013-11-01,13.28
1439,2013-11-04,12.93
1440,2013-11-05,13.27
1441,2013-11-06,12.67
1442,2013-11-07,13.91
1443,2013-11-08,12.9
1444,2013-11-11,12.53
1445,2013-11-12,12.82
1446,2013-11-13,12.52
1447,2013-11-14,12.37
1448,2013-11-15,12.19
1449,2013-11-18,13.1
1450,2013-11-19,13.39
1451,2013-11-20,13.4
1452,2013-11-21,12.66
1453,2013-11-22,12.26
1454,2013-11-25,12.79
1455,2013-11-26,12.81
1456,2013-11-27,12.98
1457,2013-11-29,13.7
1458,2013-12-02,14.23
1459,2013-12-03,14.55
1460,2013-12-04,14.7
1461,2013-12-05,15.08
1462,2013-12-06,13.79
1463,2013-12-09,13.49
1464,2013-12-10,13.91
1465,2013-12-11,15.42
1466,2013-12-12,15.54
1467,2013-12-13,15.76
1468,2013-12-16,16.03
1469,2013-12-17,16.21
1470,2013-12-18,13.8
1471,2013-12-19,14.15
1472,2013-12-20,13.79
1473,2013-12-23,13.04
1474,2013-12-24,12.48
1475,2013-12-26,12.33
1476,2013-12-27,12.46
1477,2013-12-30,13.56
1478,2013-12-31,13.72
1479,2014-01-02,14.23
1480,2014-01-03,13.76
1481,2014-01-06,13.55
1482,2014-01-07,12.92
1483,2014-01-08,12.87
1484,2014-01-09,12.89
1485,2014-01-10,12.14
1486,2014-01-13,13.28
1487,2014-01-14,12.28
1488,2014-01-15,12.28
1489,2014-01-16,12.53
1490,2014-01-17,12.44
1491,2014-01-21,12.87
1492,2014-01-22,12.84
1493,2014-01-23,13.77
1494,2014-01-24,18.14
1495,2014-01-27,17.42
1496,2014-01-28,15.8
1497,2014-01-29,17.35
1498,2014-01-30,17.29
1499,2014-01-31,18.41
1500,2014-02-03,21.44
1501,2014-02-04,19.11
1502,2014-02-05,19.95
1503,2014-02-06,17.23
1504,2014-02-07,15.29
1505,2014-02-10,15.26
1506,2014-02-11,14.51
1507,2014-02-12,14.3
1508,2014-02-13,14.14
1509,2014-02-14,13.57
1510,2014-02-18,13.87
1511,2014-02-19,15.5
1512,2014-02-20,14.79
1513,2014-02-21,14.68
1514,2014-02-24,14.23
1515,2014-02-25,13.67
1516,2014-02-26,14.35
1517,2014-02-27,14.04
1518,2014-02-28,14.0
1519,2014-03-03,16.0
1520,2014-03-04,14.1
1521,2014-03-05,13.89
1522,2014-03-06,14.21
1523,2014-03-07,14.11
1524,2014-03-10,14.2
1525,2014-03-11,14.8
1526,2014-03-12,14.47
1527,2014-03-13,16.22
1528,2014-03-14,17.82
1529,2014-03-17,15.64
1530,2014-03-18,14.52
1531,2014-03-19,15.12
1532,2014-03-20,14.52
1533,2014-03-21,15.0
1534,2014-03-24,15.09
1535,2014-03-25,14.02
1536,2014-03-26,14.93
1537,2014-03-27,14.62
1538,2014-03-28,14.41
1539,2014-03-31,13.88
1540,2014-04-01,13.1
1541,2014-04-02,13.09
1542,2014-04-03,13.37
1543,2014-04-04,13.96
1544,2014-04-07,15.57
1545,2014-04-08,14.89
1546,2014-04-09,13.82
1547,2014-04-10,15.89
1548,2014-04-11,17.03
1549,2014-04-14,16.11
1550,2014-04-15,15.61
1551,2014-04-16,14.18
1552,2014-04-17,13.36
1553,2014-04-21,13.25
1554,2014-04-22,13.19
1555,2014-04-23,13.27
1556,2014-04-24,13.32
1557,2014-04-25,14.06
1558,2014-04-28,13.97
1559,2014-04-29,13.71
1560,2014-04-30,13.41
1561,2014-05-01,13.25
1562,2014-05-02,12.91
1563,2014-05-05,13.29
1564,2014-05-06,13.8
1565,2014-05-07,13.4
1566,2014-05-08,13.43
1567,2014-05-09,12.92
1568,2014-05-12,12.23
1569,2014-05-13,12.13
1570,2014-05-14,12.17
1571,2014-05-15,13.17
1572,2014-05-16,12.44
1573,2014-05-19,12.42
1574,2014-05-20,12.96
1575,2014-05-21,11.91
1576,2014-05-22,12.03
1577,2014-05-23,11.36
1578,2014-05-27,11.51
1579,2014-05-28,11.68
1580,2014-05-29,11.57
1581,2014-05-30,11.4
1582,2014-06-02,11.58
1583,2014-06-03,11.87
1584,2014-06-04,12.08
1585,2014-06-05,11.68
1586,2014-06-06,10.73
1587,2014-06-09,11.15
1588,2014-06-10,10.99
1589,2014-06-11,11.6
1590,2014-06-12,12.56
1591,2014-06-13,12.18
1592,2014-06-16,12.65
1593,2014-06-17,12.06
1594,2014-06-18,10.61
1595,2014-06-19,10.62
1596,2014-06-20,10.85
1597,2014-06-23,10.98
1598,2014-06-24,12.13
1599,2014-06-25,11.59
1600,2014-06-26,11.63
1601,2014-06-27,11.26
1602,2014-06-30,11.57
1603,2014-07-01,11.15
1604,2014-07-02,10.82
1605,2014-07-03,10.32
1606,2014-07-07,11.33
1607,2014-07-08,11.98
1608,2014-07-09,11.65
1609,2014-07-10,12.59
1610,2014-07-11,12.08
1611,2014-07-14,11.82
1612,2014-07-15,11.96
1613,2014-07-16,11.0
1614,2014-07-17,14.54
1615,2014-07-18,12.06
1616,2014-07-21,12.81
1617,2014-07-22,12.24
1618,2014-07-23,11.52
1619,2014-07-24,11.84
1620,2014-07-25,12.69
1621,2014-07-28,12.56
1622,2014-07-29,13.28
1623,2014-07-30,13.33
1624,2014-07-31,16.95
1625,2014-08-01,17.03
1626,2014-08-04,15.12
1627,2014-08-05,16.87
1628,2014-08-06,16.37
1629,2014-08-07,16.66
1630,2014-08-08,15.77
1631,2014-08-11,14.23
1632,2014-08-12,14.13
1633,2014-08-13,12.9
1634,2014-08-14,12.42
1635,2014-08-15,13.15
1636,2014-08-18,12.32
1637,2014-08-19,12.21
1638,2014-08-20,11.78
1639,2014-08-21,11.76
1640,2014-08-22,11.47
1641,2014-08-25,11.7
1642,2014-08-26,11.63
1643,2014-08-27,11.78
1644,2014-08-28,12.05
1645,2014-08-29,11.98
1646,2014-09-02,12.25
1647,2014-09-03,12.36
1648,2014-09-04,12.64
1649,2014-09-05,12.09
1650,2014-09-08,12.66
1651,2014-09-09,13.5
1652,2014-09-10,12.88
1653,2014-09-11,12.8
1654,2014-09-12,13.31
1655,2014-09-15,14.12
1656,2014-09-16,12.73
1657,2014-09-17,12.65
1658,2014-09-18,12.03
1659,2014-09-19,12.11
1660,2014-09-22,13.69
1661,2014-09-23,14.93
1662,2014-09-24,13.27
1663,2014-09-25,15.64
1664,2014-09-26,14.85
1665,2014-09-29,15.98
1666,2014-09-30,16.31
1667,2014-10-01,16.71
1668,2014-10-02,16.16
1669,2014-10-03,14.55
1670,2014-10-06,15.46
1671,2014-10-07,17.2
1672,2014-10-08,15.11
1673,2014-10-09,18.76
1674,2014-10-10,21.24
1675,2014-10-13,24.64
1676,2014-10-14,22.79
1677,2014-10-15,26.25
1678,2014-10-16,25.2
1679,2014-10-17,21.99
1680,2014-10-20,18.57
1681,2014-10-21,16.08
1682,2014-10-22,17.87
1683,2014-10-23,16.53
1684,2014-10-24,16.11
1685,2014-10-27,16.04
1686,2014-10-28,14.39
1687,2014-10-29,15.15
1688,2014-10-30,14.52
1689,2014-10-31,14.03
1690,2014-11-03,14.73
1691,2014-11-04,14.89
1692,2014-11-05,14.17
1693,2014-11-06,13.67
1694,2014-11-07,13.12
1695,2014-11-10,12.67
1696,2014-11-11,12.92
1697,2014-11-12,13.02
1698,2014-11-13,13.79
1699,2014-11-14,13.31
1700,2014-11-17,13.99
1701,2014-11-18,13.86
1702,2014-11-19,13.96
1703,2014-11-20,13.58
1704,2014-11-21,12.9
1705,2014-11-24,12.62
1706,2014-11-25,12.25
1707,2014-11-26,12.07
1708,2014-11-28,13.33
1709,2014-12-01,14.29
1710,2014-12-02,12.85
1711,2014-12-03,12.47
1712,2014-12-04,12.38
1713,2014-12-05,11.82
1714,2014-12-08,14.21
1715,2014-12-09,14.89
1716,2014-12-10,18.53
1717,2014-12-11,20.08
1718,2014-12-12,21.08
1719,2014-12-15,20.42
1720,2014-12-16,23.57
1721,2014-12-17,19.44
1722,2014-12-18,16.81
1723,2014-12-19,16.49
1724,2014-12-22,15.25
1725,2014-12-23,14.8
1726,2014-12-24,14.37
1727,2014-12-26,14.5
1728,2014-12-29,15.06
1729,2014-12-30,15.92
1730,2014-12-31,19.2
1731,2015-01-02,17.79
1732,2015-01-05,19.92
1733,2015-01-06,21.12
1734,2015-01-07,19.31
1735,2015-01-08,17.01
1736,2015-01-09,17.55
1737,2015-01-12,19.6
1738,2015-01-13,20.56
1739,2015-01-14,21.48
1740,2015-01-15,22.39
1741,2015-01-16,20.95
1742,2015-01-20,19.89
1743,2015-01-21,18.85
1744,2015-01-22,16.4
1745,2015-01-23,16.66
1746,2015-01-26,15.52
1747,2015-01-27,17.22
1748,2015-01-28,20.44
1749,2015-01-29,18.76
1750,2015-01-30,20.97
1751,2015-02-02,19.43
1752,2015-02-03,17.33
1753,2015-02-04,18.33
1754,2015-02-05,16.85
1755,2015-02-06,17.29
1756,2015-02-09,18.55
1757,2015-02-10,17.23
1758,2015-02-11,16.96
1759,2015-02-12,15.34
1760,2015-02-13,14.69
1761,2015-02-17,15.8
1762,2015-02-18,15.45
1763,2015-02-19,15.29
1764,2015-02-20,14.3
1765,2015-02-23,14.56
1766,2015-02-24,13.69
1767,2015-02-25,13.84
1768,2015-02-26,13.91
1769,2015-02-27,13.34
1770,2015-03-02,13.04
1771,2015-03-03,13.86
1772,2015-03-04,14.23
1773,2015-03-05,14.04
1774,2015-03-06,15.2
1775,2015-03-09,15.06
1776,2015-03-10,16.69
1777,2015-03-11,16.87
1778,2015-03-12,15.42
1779,2015-03-13,16.0
1780,2015-03-16,15.61
1781,2015-03-17,15.66
1782,2015-03-18,13.97
1783,2015-03-19,14.07
1784,2015-03-20,13.02
1785,2015-03-23,13.41
1786,2015-03-24,13.62
1787,2015-03-25,15.44
1788,2015-03-26,15.8
1789,2015-03-27,15.07
1790,2015-03-30,14.51
1791,2015-03-31,15.29
1792,2015-04-01,15.11
1793,2015-04-02,14.67
1794,2015-04-06,14.74
1795,2015-04-07,14.78
1796,2015-04-08,13.98
1797,2015-04-09,13.09
1798,2015-04-10,12.58
1799,2015-04-13,13.94
1800,2015-04-14,13.67
1801,2015-04-15,12.84
1802,2015-04-16,12.6
1803,2015-04-17,13.89
1804,2015-04-20,13.3
1805,2015-04-21,13.25
1806,2015-04-22,12.71
1807,2015-04-23,12.48
1808,2015-04-24,12.29
1809,2015-04-27,13.12
1810,2015-04-28,12.41
1811,2015-04-29,13.39
1812,2015-04-30,14.55
1813,2015-05-01,12.7
1814,2015-05-04,12.85
1815,2015-05-05,14.31
1816,2015-05-06,15.15
1817,2015-05-07,15.13
1818,2015-05-08,12.86
1819,2015-05-11,13.85
1820,2015-05-12,13.86
1821,2015-05-13,13.76
1822,2015-05-14,12.74
1823,2015-05-15,12.38
1824,2015-05-18,12.73
1825,2015-05-19,12.85
1826,2015-05-20,12.88
1827,2015-05-21,12.11
1828,2015-05-22,12.13
1829,2015-05-26,14.06
1830,2015-05-27,13.27
1831,2015-05-28,13.31
1832,2015-05-29,13.84
1833,2015-06-01,13.97
1834,2015-06-02,14.24
1835,2015-06-03,13.66
1836,2015-06-04,14.71
1837,2015-06-05,14.21
1838,2015-06-08,15.29
1839,2015-06-09,14.47
1840,2015-06-10,13.22
1841,2015-06-11,12.85
1842,2015-06-12,13.78
1843,2015-06-15,15.39
1844,2015-06-16,14.81
1845,2015-06-17,14.5
1846,2015-06-18,13.19
1847,2015-06-19,13.96
1848,2015-06-22,12.74
1849,2015-06-23,12.11
1850,2015-06-24,13.26
1851,2015-06-25,14.01
1852,2015-06-26,14.02
1853,2015-06-29,18.85
1854,2015-06-30,18.23
1855,2015-07-01,16.09
1856,2015-07-02,16.79
1857,2015-07-06,17.01
1858,2015-07-07,16.09
1859,2015-07-08,19.66
1860,2015-07-09,19.97
1861,2015-07-10,16.83
1862,2015-07-13,13.9
1863,2015-07-14,13.37
1864,2015-07-15,13.23
1865,2015-07-16,12.11
1866,2015-07-17,11.95
1867,2015-07-20,12.25
1868,2015-07-21,12.22
1869,2015-07-22,12.12
1870,2015-07-23,12.64
1871,2015-07-24,13.74
1872,2015-07-27,15.6
1873,2015-07-28,13.44
1874,2015-07-29,12.5
1875,2015-07-30,12.13
1876,2015-07-31,12.12
1877,2015-08-03,12.56
1878,2015-08-04,13.0
1879,2015-08-05,12.51
1880,2015-08-06,13.77
1881,2015-08-07,13.39
1882,2015-08-10,12.23
1883,2015-08-11,13.71
1884,2015-08-12,13.61
1885,2015-08-13,13.49
1886,2015-08-14,12.83
1887,2015-08-17,13.02
1888,2015-08-18,13.79
1889,2015-08-19,15.25
1890,2015-08-20,19.14
1891,2015-08-21,28.03
1892,2015-08-24,40.74
1893,2015-08-25,36.02
1894,2015-08-26,30.32
1895,2015-08-27,26.1
1896,2015-08-28,26.05
1897,2015-08-31,28.43
1898,2015-09-01,31.4
1899,2015-09-02,26.09
1900,2015-09-03,25.61
1901,2015-09-04,27.8
1902,2015-09-08,24.9
1903,2015-09-09,26.23
1904,2015-09-10,24.37
1905,2015-09-11,23.2
1906,2015-09-14,24.25
1907,2015-09-15,22.54
1908,2015-09-16,21.35
1909,2015-09-17,21.14
1910,2015-09-18,22.28
1911,2015-09-21,20.14
1912,2015-09-22,22.44
1913,2015-09-23,22.13
1914,2015-09-24,23.47
1915,2015-09-25,23.62
1916,2015-09-28,27.63
1917,2015-09-29,26.83
1918,2015-09-30,24.5
1919,2015-10-01,22.55
1920,2015-10-02,20.94
1921,2015-10-05,19.54
1922,2015-10-06,19.4
1923,2015-10-07,18.4
1924,2015-10-08,17.42
1925,2015-10-09,17.08
1926,2015-10-12,16.17
1927,2015-10-13,17.67
1928,2015-10-14,18.03
1929,2015-10-15,16.05
1930,2015-10-16,15.05
1931,2015-10-19,14.98
1932,2015-10-20,15.75
1933,2015-10-21,16.7
1934,2015-10-22,14.45
1935,2015-10-23,14.46
1936,2015-10-26,15.29
1937,2015-10-27,15.43
1938,2015-10-28,14.33
1939,2015-10-29,14.61
1940,2015-10-30,15.07
1941,2015-11-02,14.15
1942,2015-11-03,14.54
1943,2015-11-04,15.51
1944,2015-11-05,15.05
1945,2015-11-06,14.33
1946,2015-11-09,16.52
1947,2015-11-10,15.29
1948,2015-11-11,16.06
1949,2015-11-12,18.37
1950,2015-11-13,20.08
1951,2015-11-16,18.16
1952,2015-11-17,18.84
1953,2015-11-18,16.85
1954,2015-11-19,16.99
1955,2015-11-20,15.47
1956,2015-11-23,15.62
1957,2015-11-24,15.93
1958,2015-11-25,15.19
1959,2015-11-27,15.12
1960,2015-11-30,16.13
1961,2015-12-01,14.67
1962,2015-12-02,15.91
1963,2015-12-03,18.11
1964,2015-12-04,14.81
1965,2015-12-07,15.84
1966,2015-12-08,17.6
1967,2015-12-09,19.61
1968,2015-12-10,19.34
1969,2015-12-11,24.39
1970,2015-12-14,22.73
1971,2015-12-15,20.95
1972,2015-12-16,17.86
1973,2015-12-17,18.94
1974,2015-12-18,20.7
1975,2015-12-21,18.7
1976,2015-12-22,16.6
1977,2015-12-23,15.57
1978,2015-12-24,15.74
1979,2015-12-28,16.91
1980,2015-12-29,16.08
1981,2015-12-30,17.29
1982,2015-12-31,18.21
1983,2016-01-04,20.7
1984,2016-01-05,19.34
1985,2016-01-06,20.59
1986,2016-01-07,24.99
1987,2016-01-08,27.01
1988,2016-01-11,24.3
1989,2016-01-12,22.47
1990,2016-01-13,25.22
1991,2016-01-14,23.95
1992,2016-01-15,27.02
1993,2016-01-19,26.05
1994,2016-01-20,27.59
1995,2016-01-21,26.69
1996,2016-01-22,22.34
1997,2016-01-25,24.15
1998,2016-01-26,22.5
1999,2016-01-27,23.11
2000,2016-01-28,22.42
2001,2016-01-29,20.2
2002,2016-02-01,19.98
2003,2016-02-02,21.98
2004,2016-02-03,21.65
2005,2016-02-04,21.84
2006,2016-02-05,23.38
2007,2016-02-08,26.0
2008,2016-02-09,26.54
2009,2016-02-10,26.29
2010,2016-02-11,28.14
2011,2016-02-12,25.4
2012,2016-02-16,24.11
2013,2016-02-17,22.31
2014,2016-02-18,21.64
2015,2016-02-19,20.53
2016,2016-02-22,19.38
2017,2016-02-23,20.98
2018,2016-02-24,20.72
2019,2016-02-25,19.11
2020,2016-02-26,19.81
2021,2016-02-29,20.55
2022,2016-03-01,17.7
2023,2016-03-02,17.09
2024,2016-03-03,16.7
2025,2016-03-04,16.86
2026,2016-03-07,17.35
2027,2016-03-08,18.67
2028,2016-03-09,18.34
2029,2016-03-10,18.05
2030,2016-03-11,16.5
2031,2016-03-14,16.92
2032,2016-03-15,16.84
2033,2016-03-16,14.99
2034,2016-03-17,14.44
2035,2016-03-18,14.02
2036,2016-03-21,13.79
2037,2016-03-22,14.17
2038,2016-03-23,14.94
2039,2016-03-24,14.74
2040,2016-03-28,15.24
2041,2016-03-29,13.82
2042,2016-03-30,13.56
2043,2016-03-31,13.95
2044,2016-04-01,13.1
2045,2016-04-04,14.12
2046,2016-04-05,15.42
2047,2016-04-06,14.09
2048,2016-04-07,16.16
2049,2016-04-08,15.36
2050,2016-04-11,16.26
2051,2016-04-12,14.85
2052,2016-04-13,13.84
2053,2016-04-14,13.72
2054,2016-04-15,13.62
2055,2016-04-18,13.35
2056,2016-04-19,13.24
2057,2016-04-20,13.28
2058,2016-04-21,13.95
2059,2016-04-22,13.22
2060,2016-04-25,14.08
2061,2016-04-26,13.96
2062,2016-04-27,13.77
2063,2016-04-28,15.22
2064,2016-04-29,15.7
2065,2016-05-02,14.68
2066,2016-05-03,15.6
2067,2016-05-04,16.05
2068,2016-05-05,15.91
2069,2016-05-06,14.72
2070,2016-05-09,14.57
2071,2016-05-10,13.63
2072,2016-05-11,14.69
2073,2016-05-12,14.41
2074,2016-05-13,15.04
2075,2016-05-16,14.68
2076,2016-05-17,15.57
2077,2016-05-18,15.95
2078,2016-05-19,16.33
2079,2016-05-20,15.2
2080,2016-05-23,15.82
2081,2016-05-24,14.42
2082,2016-05-25,13.9
2083,2016-05-26,13.43
2084,2016-05-27,13.12
2085,2016-05-31,14.19
2086,2016-06-01,14.2
2087,2016-06-02,13.63
2088,2016-06-03,13.47
2089,2016-06-06,13.65
2090,2016-06-07,14.05
2091,2016-06-08,14.08
2092,2016-06-09,14.64
2093,2016-06-10,17.03
2094,2016-06-13,20.97
2095,2016-06-14,20.5
2096,2016-06-15,20.14
2097,2016-06-16,19.37
2098,2016-06-17,19.41
2099,2016-06-20,18.37
2100,2016-06-21,18.48
2101,2016-06-22,21.17
2102,2016-06-23,17.25
2103,2016-06-24,25.76
2104,2016-06-27,23.85
2105,2016-06-28,18.75
2106,2016-06-29,16.64
2107,2016-06-30,15.63
2108,2016-07-01,14.77
2109,2016-07-05,15.58
2110,2016-07-06,14.96
2111,2016-07-07,14.76
2112,2016-07-08,13.2
2113,2016-07-11,13.54
2114,2016-07-12,13.55
2115,2016-07-13,13.04
2116,2016-07-14,12.82
2117,2016-07-15,12.67
2118,2016-07-18,12.44
2119,2016-07-19,11.97
2120,2016-07-20,11.77
2121,2016-07-21,12.74
2122,2016-07-22,12.02
2123,2016-07-25,12.87
2124,2016-07-26,13.05
2125,2016-07-27,12.83
2126,2016-07-28,12.72
2127,2016-07-29,11.87
2128,2016-08-01,12.44
2129,2016-08-02,13.37
2130,2016-08-03,12.86
2131,2016-08-04,12.42
2132,2016-08-05,11.39
2133,2016-08-08,11.5
2134,2016-08-09,11.66
2135,2016-08-10,12.05
2136,2016-08-11,11.68
2137,2016-08-12,11.55
2138,2016-08-15,11.81
2139,2016-08-16,12.64
2140,2016-08-17,12.19
2141,2016-08-18,11.43
2142,2016-08-19,11.34
2143,2016-08-22,12.27
2144,2016-08-23,12.38
2145,2016-08-24,13.45
2146,2016-08-25,13.63
2147,2016-08-26,13.65
2148,2016-08-29,12.94
2149,2016-08-30,13.12
2150,2016-08-31,13.42
2151,2016-09-01,13.48
2152,2016-09-02,11.98
2153,2016-09-06,12.02
2154,2016-09-07,11.94
2155,2016-09-08,12.51
2156,2016-09-09,17.5
2157,2016-09-12,15.16
2158,2016-09-13,17.85
2159,2016-09-14,18.14
2160,2016-09-15,16.3
2161,2016-09-16,15.37
2162,2016-09-19,15.53
2163,2016-09-20,15.92
2164,2016-09-21,13.3
2165,2016-09-22,12.02
2166,2016-09-23,12.29
2167,2016-09-26,14.5
2168,2016-09-27,13.1
2169,2016-09-28,12.39
2170,2016-09-29,14.02
2171,2016-09-30,13.29
2172,2016-10-03,13.57
2173,2016-10-04,13.63
2174,2016-10-05,12.99
2175,2016-10-06,12.84
2176,2016-10-07,13.48
2177,2016-10-10,13.38
2178,2016-10-11,15.36
2179,2016-10-12,15.91
2180,2016-10-13,16.69
2181,2016-10-14,16.12
2182,2016-10-17,16.21
2183,2016-10-18,15.28
2184,2016-10-19,14.41
2185,2016-10-20,13.75
2186,2016-10-21,13.34
2187,2016-10-24,13.02
2188,2016-10-25,13.46
2189,2016-10-26,14.24
2190,2016-10-27,15.36
2191,2016-10-28,16.19
2192,2016-10-31,17.06
2193,2016-11-01,18.56
2194,2016-11-02,19.32
2195,2016-11-03,22.08
2196,2016-11-04,22.51
2197,2016-11-07,18.71
2198,2016-11-08,18.74
2199,2016-11-09,14.38
2200,2016-11-10,14.74
2201,2016-11-11,14.17
2202,2016-11-14,14.48
2203,2016-11-15,13.37
2204,2016-11-16,13.72
2205,2016-11-17,13.35
2206,2016-11-18,12.85
2207,2016-11-21,12.42
2208,2016-11-22,12.41
2209,2016-11-23,12.43
2210,2016-11-25,12.34
2211,2016-11-28,13.15
2212,2016-11-29,12.9
2213,2016-11-30,13.33
2214,2016-12-01,14.07
2215,2016-12-02,14.12
2216,2016-12-05,12.14
2217,2016-12-06,11.79
2218,2016-12-07,12.22
2219,2016-12-08,12.64
2220,2016-12-09,11.75
2221,2016-12-12,12.64
2222,2016-12-13,12.72
2223,2016-12-14,13.19
2224,2016-12-15,12.79
2225,2016-12-16,12.2
2226,2016-12-19,11.71
2227,2016-12-20,11.45
2228,2016-12-21,11.27
2229,2016-12-22,11.43
2230,2016-12-23,11.44
2231,2016-12-27,11.99
2232,2016-12-28,12.95
2233,2016-12-29,13.37
2234,2016-12-30,14.04
2235,2017-01-03,12.85
2236,2017-01-04,11.85
2237,2017-01-05,11.67
2238,2017-01-06,11.32
2239,2017-01-09,11.56
2240,2017-01-10,11.49
2241,2017-01-11,11.26
2242,2017-01-12,11.54
2243,2017-01-13,11.23
2244,2017-01-17,11.87
2245,2017-01-18,12.48
2246,2017-01-19,12.78
2247,2017-01-20,11.54
2248,2017-01-23,11.77
2249,2017-01-24,11.07
2250,2017-01-25,10.81
2251,2017-01-26,10.63
2252,2017-01-27,10.58
2253,2017-01-30,11.88
2254,2017-01-31,11.99
2255,2017-02-01,11.81
2256,2017-02-02,11.93
2257,2017-02-03,10.97
2258,2017-02-06,11.37
2259,2017-02-07,11.29
2260,2017-02-08,11.45
2261,2017-02-09,10.88
2262,2017-02-10,10.85
2263,2017-02-13,11.07
2264,2017-02-14,10.74
2265,2017-02-15,11.97
2266,2017-02-16,11.76
2267,2017-02-17,11.49
2268,2017-02-21,11.57
2269,2017-02-22,11.74
2270,2017-02-23,11.71
2271,2017-02-24,11.47
2272,2017-02-27,12.09
2273,2017-02-28,12.92
2274,2017-03-01,12.54
2275,2017-03-02,11.81
2276,2017-03-03,10.96
2277,2017-03-06,11.24
2278,2017-03-07,11.45
2279,2017-03-08,11.86
2280,2017-03-09,12.3
2281,2017-03-10,11.66
2282,2017-03-13,11.35
2283,2017-03-14,12.3
2284,2017-03-15,11.63
2285,2017-03-16,11.21
2286,2017-03-17,11.28
2287,2017-03-20,11.34
2288,2017-03-21,12.47
2289,2017-03-22,12.81
2290,2017-03-23,13.12
2291,2017-03-24,12.96
2292,2017-03-27,12.5
2293,2017-03-28,11.53
2294,2017-03-29,11.42
2295,2017-03-30,11.54
2296,2017-03-31,12.37
2297,2017-04-03,12.38
2298,2017-04-04,11.79
2299,2017-04-05,12.89
2300,2017-04-06,12.39
2301,2017-04-07,12.87
2302,2017-04-10,14.05
2303,2017-04-11,15.07
2304,2017-04-12,15.77
2305,2017-04-13,15.96
2306,2017-04-17,14.66
2307,2017-04-18,14.42
2308,2017-04-19,14.93
2309,2017-04-20,14.15
2310,2017-04-21,14.63
2311,2017-04-24,10.84
2312,2017-04-25,10.76
2313,2017-04-26,10.85
2314,2017-04-27,10.36
2315,2017-04-28,10.82
2316,2017-05-01,10.11
2317,2017-05-02,10.59
2318,2017-05-03,10.68
2319,2017-05-04,10.46
2320,2017-05-05,10.57
2321,2017-05-08,9.77
2322,2017-05-09,9.96
2323,2017-05-10,10.21
2324,2017-05-11,10.6
2325,2017-05-12,10.4
2326,2017-05-15,10.42
2327,2017-05-16,10.65
2328,2017-05-17,15.59
2329,2017-05-18,14.66
2330,2017-05-19,12.04
2331,2017-05-22,10.93
2332,2017-05-23,10.72
2333,2017-05-24,10.02
2334,2017-05-25,9.99
2335,2017-05-26,9.81
2336,2017-05-30,10.38
2337,2017-05-31,10.41
2338,2017-06-01,9.89
2339,2017-06-02,9.75
2340,2017-06-05,10.07
2341,2017-06-06,10.45
2342,2017-06-07,10.39
2343,2017-06-08,10.16
2344,2017-06-09,10.7
2345,2017-06-12,11.46
2346,2017-06-13,10.42
2347,2017-06-14,10.64
2348,2017-06-15,10.9
2349,2017-06-16,10.38
2350,2017-06-19,10.37
2351,2017-06-20,10.86
2352,2017-06-21,10.75
2353,2017-06-22,10.48
2354,2017-06-23,10.02
2355,2017-06-26,9.9
2356,2017-06-27,11.06
2357,2017-06-28,10.03
2358,2017-06-29,11.44
2359,2017-06-30,11.18
2360,2017-07-03,11.22
2361,2017-07-05,11.07
2362,2017-07-06,12.54
2363,2017-07-07,11.19
2364,2017-07-10,11.11
2365,2017-07-11,10.89
2366,2017-07-12,10.3
2367,2017-07-13,9.9
2368,2017-07-14,9.51
2369,2017-07-17,9.82
2370,2017-07-18,9.89
2371,2017-07-19,9.79
2372,2017-07-20,9.58
2373,2017-07-21,9.36
2374,2017-07-24,9.43
2375,2017-07-25,9.43
2376,2017-07-26,9.6
2377,2017-07-27,10.11
2378,2017-07-28,10.29
2379,2017-07-31,10.26
2380,2017-08-01,10.09
2381,2017-08-02,10.28
2382,2017-08-03,10.44
2383,2017-08-04,10.03
2384,2017-08-07,9.93
2385,2017-08-08,10.96
2386,2017-08-09,11.11
2387,2017-08-10,16.04
2388,2017-08-11,15.51
2389,2017-08-14,12.33
2390,2017-08-15,12.04
2391,2017-08-16,11.74
2392,2017-08-17,15.55
2393,2017-08-18,14.26
2394,2017-08-21,13.19
2395,2017-08-22,11.35
2396,2017-08-23,12.25
2397,2017-08-24,12.23
2398,2017-08-25,11.28
2399,2017-08-28,11.32
2400,2017-08-29,11.7
2401,2017-08-30,11.22
2402,2017-08-31,10.59
2403,2017-09-01,10.13
2404,2017-09-05,12.23
2405,2017-09-06,11.63
2406,2017-09-07,11.55
2407,2017-09-08,12.12
2408,2017-09-11,10.73
2409,2017-09-12,10.58
2410,2017-09-13,10.5
2411,2017-09-14,10.44
2412,2017-09-15,10.17
2413,2017-09-18,10.15
2414,2017-09-19,10.18
2415,2017-09-20,9.78
2416,2017-09-21,9.67
2417,2017-09-22,9.59
2418,2017-09-25,10.21
2419,2017-09-26,10.17
2420,2017-09-27,9.87
2421,2017-09-28,9.55
2422,2017-09-29,9.51
2423,2017-10-02,9.45
2424,2017-10-03,9.51
2425,2017-10-04,9.63
2426,2017-10-05,9.19
2427,2017-10-06,9.65
2428,2017-10-09,10.33
2429,2017-10-10,10.08
2430,2017-10-11,9.85
2431,2017-10-12,9.91
2432,2017-10-13,9.61
2433,2017-10-16,9.91
2434,2017-10-17,10.31
2435,2017-10-18,10.07
2436,2017-10-19,10.05
2437,2017-10-20,9.97
2438,2017-10-23,11.07
2439,2017-10-24,11.16
2440,2017-10-25,11.23
2441,2017-10-26,11.3
2442,2017-10-27,9.8
2443,2017-10-30,10.5
2444,2017-10-31,10.18
2445,2017-11-01,10.2
2446,2017-11-02,9.93
2447,2017-11-03,9.14
2448,2017-11-06,9.4
2449,2017-11-07,9.89
2450,2017-11-08,9.78
2451,2017-11-09,10.5
2452,2017-11-10,11.29
2453,2017-11-13,11.5
2454,2017-11-14,11.59
2455,2017-11-15,13.13
2456,2017-11-16,11.76
2457,2017-11-17,11.43
2458,2017-11-20,10.65
2459,2017-11-21,9.73
2460,2017-11-22,9.88
2461,2017-11-24,9.67
2462,2017-11-27,9.87
2463,2017-11-28,10.03
2464,2017-11-29,10.7
2465,2017-11-30,11.28
2466,2017-12-01,11.43
2467,2017-12-04,11.68
2468,2017-12-05,11.33
2469,2017-12-06,11.02
2470,2017-12-07,10.16
2471,2017-12-08,9.58
2472,2017-12-11,9.34
2473,2017-12-12,9.92
2474,2017-12-13,10.18
2475,2017-12-14,10.49
2476,2017-12-15,9.42
2477,2017-12-18,9.53
2478,2017-12-19,10.03
2479,2017-12-20,9.72
2480,2017-12-21,9.62
2481,2017-12-22,9.9
2482,2017-12-26,10.25
2483,2017-12-27,10.47
2484,2017-12-28,10.18
2485,2017-12-29,11.04
2486,2018-01-02,9.77
2487,2018-01-03,9.15
2488,2018-01-04,9.22
2489,2018-01-05,9.22
2490,2018-01-08,9.52
2491,2018-01-09,10.08
2492,2018-01-10,9.82
2493,2018-01-11,9.88
2494,2018-01-12,10.16
2495,2018-01-16,11.66
2496,2018-01-17,11.91
2497,2018-01-18,12.22
2498,2018-01-19,11.27
2499,2018-01-22,11.03
2500,2018-01-23,11.1
2501,2018-01-24,11.47
2502,2018-01-25,11.58
2503,2018-01-26,11.08
2504,2018-01-29,13.84
2505,2018-01-30,14.79
2506,2018-01-31,13.54
2507,2018-02-01,13.47
2508,2018-02-02,17.31
2509,2018-02-05,37.32
2510,2018-02-06,29.98
2511,2018-02-07,27.73
2512,2018-02-08,33.46
2513,2018-02-09,29.06
2514,2018-02-12,25.61
2515,2018-02-13,24.97
2516,2018-02-14,19.26
2517,2018-02-15,19.13
2518,2018-02-16,19.46
2519,2018-02-20,20.6
2520,2018-02-21,20.02
2521,2018-02-22,18.72
2522,2018-02-23,16.49
2523,2018-02-26,15.8
2524,2018-02-27,18.59
2525,2018-02-28,19.85
2526,2018-03-01,22.47
2527,2018-03-02,19.59
2528,2018-03-05,18.73
2529,2018-03-06,18.36
2530,2018-03-07,17.76
2531,2018-03-08,16.54
2532,2018-03-09,14.64
2533,2018-03-12,15.78
2534,2018-03-13,16.35
2535,2018-03-14,17.23
2536,2018-03-15,16.59
2537,2018-03-16,15.8
2538,2018-03-19,19.02
2539,2018-03-20,18.2
2540,2018-03-21,17.86
2541,2018-03-22,23.34
2542,2018-03-23,24.87
2543,2018-03-26,21.03
2544,2018-03-27,22.5
2545,2018-03-28,22.87
2546,2018-03-29,19.97
2547,2018-04-02,23.62
2548,2018-04-03,21.1
2549,2018-04-04,20.06
2550,2018-04-05,18.94
2551,2018-04-06,21.49
2552,2018-04-09,21.77
2553,2018-04-10,20.47
2554,2018-04-11,20.24
2555,2018-04-12,18.49
2556,2018-04-13,17.41
2557,2018-04-16,16.56
2558,2018-04-17,15.25
2559,2018-04-18,15.6
2560,2018-04-19,15.96
2561,2018-04-20,16.88
2562,2018-04-23,16.34
2563,2018-04-24,18.02
2564,2018-04-25,17.84
2565,2018-04-26,16.24
2566,2018-04-27,15.41
2567,2018-04-30,15.93
2568,2018-05-01,15.49
2569,2018-05-02,15.97
2570,2018-05-03,15.9
2571,2018-05-04,14.77
2572,2018-05-07,14.75
2573,2018-05-08,14.71
2574,2018-05-09,13.42
2575,2018-05-10,13.23
2576,2018-05-11,12.65
2577,2018-05-14,12.93
2578,2018-05-15,14.63
2579,2018-05-16,13.42
2580,2018-05-17,13.43
2581,2018-05-18,13.42
2582,2018-05-21,13.08
2583,2018-05-22,13.22
2584,2018-05-23,12.58
2585,2018-05-24,12.53
2586,2018-05-25,13.22
2587,2018-05-29,17.02
2588,2018-05-30,14.94
2589,2018-05-31,15.43
2590,2018-06-01,13.46
2591,2018-06-04,12.74
2592,2018-06-05,12.4
2593,2018-06-06,11.64
2594,2018-06-07,12.13
2595,2018-06-08,12.18
2596,2018-06-11,12.35
2597,2018-06-12,12.34
2598,2018-06-13,12.94
2599,2018-06-14,12.12
2600,2018-06-15,11.98
2601,2018-06-18,12.31
2602,2018-06-19,13.35
2603,2018-06-20,12.79
2604,2018-06-21,14.64
2605,2018-06-22,13.77
2606,2018-06-25,17.33
2607,2018-06-26,15.92
2608,2018-06-27,17.91
2609,2018-06-28,16.85
2610,2018-06-29,16.09
2611,2018-07-02,15.6
2612,2018-07-03,16.14
2613,2018-07-05,14.97
2614,2018-07-06,13.37
2615,2018-07-09,12.69
2616,2018-07-10,12.64
2617,2018-07-11,13.63
2618,2018-07-12,12.58
2619,2018-07-13,12.18
2620,2018-07-16,12.83
2621,2018-07-17,12.06
2622,2018-07-18,12.1
2623,2018-07-19,12.87
2624,2018-07-20,12.86
2625,2018-07-23,12.62
2626,2018-07-24,12.41
2627,2018-07-25,12.29
2628,2018-07-26,12.14
2629,2018-07-27,13.03
2630,2018-07-30,14.26
2631,2018-07-31,12.83
2632,2018-08-01,13.15
2633,2018-08-02,12.19
2634,2018-08-03,11.64
2635,2018-08-06,11.27
2636,2018-08-07,10.93
2637,2018-08-08,10.85
2638,2018-08-09,11.27
2639,2018-08-10,13.16
2640,2018-08-13,14.78
2641,2018-08-14,13.31
2642,2018-08-15,14.64
2643,2018-08-16,13.45
2644,2018-08-17,12.64
2645,2018-08-20,12.49
2646,2018-08-21,12.86
2647,2018-08-22,12.25
2648,2018-08-23,12.41
2649,2018-08-24,11.99
2650,2018-08-27,12.16
2651,2018-08-28,12.5
2652,2018-08-29,12.25
2653,2018-08-30,13.53
2654,2018-08-31,12.86
2655,2018-09-04,13.16
2656,2018-09-05,13.91
2657,2018-09-06,14.65
2658,2018-09-07,14.88
2659,2018-09-10,14.16
2660,2018-09-11,13.22
2661,2018-09-12,13.14
2662,2018-09-13,12.37
2663,2018-09-14,12.07
2664,2018-09-17,13.68
2665,2018-09-18,12.79
2666,2018-09-19,11.75
2667,2018-09-20,11.8
2668,2018-09-21,11.68
2669,2018-09-24,12.2
2670,2018-09-25,12.42
2671,2018-09-26,12.89
2672,2018-09-27,12.41
2673,2018-09-28,12.12
2674,2018-10-01,12.0
2675,2018-10-02,12.05
2676,2018-10-03,11.61
2677,2018-10-04,14.22
2678,2018-10-05,14.82
2679,2018-10-08,15.69
2680,2018-10-09,15.95
2681,2018-10-10,22.96
2682,2018-10-11,24.98
2683,2018-10-12,21.31
2684,2018-10-15,21.3
2685,2018-10-16,17.62
2686,2018-10-17,17.4
2687,2018-10-18,20.06
2688,2018-10-19,19.89
2689,2018-10-22,19.64
2690,2018-10-23,20.71
2691,2018-10-24,25.23
2692,2018-10-25,24.22
2693,2018-10-26,24.16
2694,2018-10-29,24.7
2695,2018-10-30,23.35
2696,2018-10-31,21.23
2697,2018-11-01,19.34
2698,2018-11-02,19.51
2699,2018-11-05,19.96
2700,2018-11-06,19.91
2701,2018-11-07,16.36
2702,2018-11-08,16.72
2703,2018-11-09,17.36
2704,2018-11-12,20.45
2705,2018-11-13,20.02
2706,2018-11-14,21.25
2707,2018-11-15,19.98
2708,2018-11-16,18.14
2709,2018-11-19,20.1
2710,2018-11-20,22.48
2711,2018-11-21,20.8
2712,2018-11-23,21.52
2713,2018-11-26,18.9
2714,2018-11-27,19.02
2715,2018-11-28,18.49
2716,2018-11-29,18.79
2717,2018-11-30,18.07
2718,2018-12-03,16.44
2719,2018-12-04,20.74
2720,2018-12-06,21.19
2721,2018-12-07,23.23
2722,2018-12-10,22.64
2723,2018-12-11,21.76
2724,2018-12-12,21.46
2725,2018-12-13,20.65
2726,2018-12-14,21.63
2727,2018-12-17,24.52
2728,2018-12-18,25.58
2729,2018-12-19,25.58
2730,2018-12-20,28.38
2731,2018-12-21,30.11
2732,2018-12-24,36.07
2733,2018-12-26,30.41
2734,2018-12-27,29.96
2735,2018-12-28,28.34
2736,2018-12-31,25.42
2737,2019-01-02,23.22
2738,2019-01-03,25.45
2739,2019-01-04,21.38
2740,2019-01-07,21.4
2741,2019-01-08,20.47
2742,2019-01-09,19.98
2743,2019-01-10,19.5
2744,2019-01-11,18.19
2745,2019-01-14,19.07
2746,2019-01-15,18.6
2747,2019-01-16,19.04
2748,2019-01-17,18.06
2749,2019-01-18,17.8
2750,2019-01-22,20.8
2751,2019-01-23,19.52
2752,2019-01-24,18.89
2753,2019-01-25,17.42
2754,2019-01-28,18.87
2755,2019-01-29,19.13
2756,2019-01-30,17.66
2757,2019-01-31,16.57
2758,2019-02-01,16.14
2759,2019-02-04,15.73
2760,2019-02-05,15.57
2761,2019-02-06,15.38
2762,2019-02-07,16.37
2763,2019-02-08,15.72
2764,2019-02-11,15.97
2765,2019-02-12,15.43
2766,2019-02-13,15.65
2767,2019-02-14,16.22
2768,2019-02-15,14.91
2769,2019-02-19,14.88
2770,2019-02-20,14.02
2771,2019-02-21,14.46
2772,2019-02-22,13.51
2773,2019-02-25,14.85
2774,2019-02-26,15.17
2775,2019-02-27,14.7
2776,2019-02-28,14.78
2777,2019-03-01,13.57
2778,2019-03-04,14.63
2779,2019-03-05,14.74
2780,2019-03-06,15.74
2781,2019-03-07,16.59
2782,2019-03-08,16.05
2783,2019-03-11,14.33
2784,2019-03-12,13.77
2785,2019-03-13,13.41
2786,2019-03-14,13.5
2787,2019-03-15,12.88
2788,2019-03-18,13.1
2789,2019-03-19,13.56
2790,2019-03-20,13.91
2791,2019-03-21,13.63
2792,2019-03-22,16.48
2793,2019-03-25,16.33
2794,2019-03-26,14.68
2795,2019-03-27,15.15
2796,2019-03-28,14.43
2797,2019-03-29,13.71
2798,2019-04-01,13.4
2799,2019-04-02,13.36
2800,2019-04-03,13.74
2801,2019-04-04,13.58
2802,2019-04-05,12.82
2803,2019-04-08,13.18
2804,2019-04-09,14.28
2805,2019-04-10,13.3
2806,2019-04-11,13.02
2807,2019-04-12,12.01
2808,2019-04-15,12.32
2809,2019-04-16,12.18
2810,2019-04-17,12.6
2811,2019-04-18,12.09
2812,2019-04-22,12.42
2813,2019-04-23,12.28
2814,2019-04-24,13.14
2815,2019-04-25,13.25
2816,2019-04-26,12.73
2817,2019-04-29,13.11
2818,2019-04-30,13.12
2819,2019-05-01,14.8
2820,2019-05-02,14.42
2821,2019-05-03,12.87
2822,2019-05-06,15.44
2823,2019-05-07,19.32
2824,2019-05-08,19.4
2825,2019-05-09,19.1
2826,2019-05-10,16.04
2827,2019-05-13,20.55
2828,2019-05-14,18.06
2829,2019-05-15,16.44
2830,2019-05-16,15.29
2831,2019-05-17,15.96
2832,2019-05-20,16.31
2833,2019-05-21,14.95
2834,2019-05-22,14.75
2835,2019-05-23,16.92
2836,2019-05-24,15.85
2837,2019-05-28,17.5
2838,2019-05-29,17.9
2839,2019-05-30,17.3
2840,2019-05-31,18.71
2841,2019-06-03,18.86
2842,2019-06-04,16.97
2843,2019-06-05,16.09
2844,2019-06-06,15.93
2845,2019-06-07,16.3
2846,2019-06-10,15.94
2847,2019-06-11,15.99
2848,2019-06-12,15.91
2849,2019-06-13,15.82
2850,2019-06-14,15.28
2851,2019-06-17,15.35
2852,2019-06-18,15.15
2853,2019-06-19,14.33
2854,2019-06-20,14.75
2855,2019-06-21,15.4
2856,2019-06-24,15.26
2857,2019-06-25,16.28
2858,2019-06-26,16.21
2859,2019-06-27,15.82
2860,2019-06-28,15.08
2861,2019-07-01,14.06
2862,2019-07-02,12.93
2863,2019-07-03,12.57
2864,2019-07-05,13.28
2865,2019-07-08,13.96
2866,2019-07-09,14.09
2867,2019-07-10,13.03
2868,2019-07-11,12.93
2869,2019-07-12,12.39
2870,2019-07-15,12.68
2871,2019-07-16,12.86
2872,2019-07-17,13.97
2873,2019-07-18,13.53
2874,2019-07-19,14.45
2875,2019-07-22,13.53
2876,2019-07-23,12.61
2877,2019-07-24,12.07
2878,2019-07-25,12.74
2879,2019-07-26,12.16
2880,2019-07-29,12.83
2881,2019-07-30,13.94
2882,2019-07-31,16.12
2883,2019-08-01,17.87
2884,2019-08-02,17.61
2885,2019-08-05,24.59
2886,2019-08-06,20.17
2887,2019-08-07,19.49
2888,2019-08-08,16.91
2889,2019-08-09,17.97
2890,2019-08-12,21.09
2891,2019-08-13,17.52
2892,2019-08-14,22.1
2893,2019-08-15,21.18
2894,2019-08-16,18.47
2895,2019-08-19,16.88
2896,2019-08-20,17.5
2897,2019-08-21,15.8
2898,2019-08-22,16.68
2899,2019-08-23,19.87
2900,2019-08-26,19.32
2901,2019-08-27,20.31
2902,2019-08-28,19.35
2903,2019-08-29,17.88
2904,2019-08-30,18.98
2905,2019-09-03,19.66
2906,2019-09-04,17.33
2907,2019-09-05,16.27
2908,2019-09-06,15.0
2909,2019-09-09,15.27
2910,2019-09-10,15.2
2911,2019-09-11,14.61
2912,2019-09-12,14.22
2913,2019-09-13,13.74
2914,2019-09-16,14.67
2915,2019-09-17,14.44
2916,2019-09-18,13.95
2917,2019-09-19,14.05
2918,2019-09-20,15.32
2919,2019-09-23,14.91
2920,2019-09-24,17.05
2921,2019-09-25,15.96
2922,2019-09-26,16.07
2923,2019-09-27,17.22
2924,2019-09-30,16.24
2925,2019-10-01,18.56
2926,2019-10-02,20.56
2927,2019-10-03,19.12
2928,2019-10-04,17.04
2929,2019-10-07,17.86
2930,2019-10-08,20.28
2931,2019-10-09,18.64
2932,2019-10-10,17.57
2933,2019-10-11,15.58
2934,2019-10-14,14.57
2935,2019-10-15,13.54
2936,2019-10-16,13.68
2937,2019-10-17,13.79
2938,2019-10-18,14.25
2939,2019-10-21,14.0
2940,2019-10-22,14.46
2941,2019-10-23,14.01
2942,2019-10-24,13.71
2943,2019-10-25,12.65
2944,2019-10-28,13.11
2945,2019-10-29,13.2
2946,2019-10-30,12.33
2947,2019-10-31,13.22
2948,2019-11-01,12.3
2949,2019-11-04,12.83
2950,2019-11-05,13.1
2951,2019-11-06,12.62
2952,2019-11-07,12.73
2953,2019-11-08,12.07
2954,2019-11-11,12.69
2955,2019-11-12,12.68
2956,2019-11-13,13.0
2957,2019-11-14,13.05
2958,2019-11-15,12.05
2959,2019-11-18,12.46
2960,2019-11-19,12.86
2961,2019-11-20,12.78
2962,2019-11-21,13.13
2963,2019-11-22,12.34
2964,2019-11-25,11.87
2965,2019-11-26,11.54
2966,2019-11-27,11.75
2967,2019-11-29,12.62
2968,2019-12-02,14.91
2969,2019-12-03,15.96
2970,2019-12-04,14.8
2971,2019-12-05,14.52
2972,2019-12-06,13.62
2973,2019-12-09,15.86
2974,2019-12-10,15.68
2975,2019-12-11,14.99
2976,2019-12-12,13.94
2977,2019-12-13,12.63
2978,2019-12-16,12.14
2979,2019-12-17,12.29
2980,2019-12-18,12.58
2981,2019-12-19,12.5
2982,2019-12-20,12.51
2983,2019-12-23,12.61
2984,2019-12-24,12.67
2985,2019-12-26,12.65
2986,2019-12-27,13.43
2987,2019-12-30,14.82
2988,2019-12-31,13.78
2989,2020-01-02,12.47
2990,2020-01-03,14.02
2991,2020-01-06,13.85
2992,2020-01-07,13.79
2993,2020-01-08,13.45
2994,2020-01-09,12.54
2995,2020-01-10,12.56
2996,2020-01-13,12.32
2997,2020-01-14,12.39
2998,2020-01-15,12.42
2999,2020-01-16,12.32
3000,2020-01-17,12.1
3001,2020-01-21,12.85
3002,2020-01-22,12.91
3003,2020-01-23,12.98
3004,2020-01-24,14.56
3005,2020-01-27,18.23
3006,2020-01-28,16.28
3007,2020-01-29,16.39
3008,2020-01-30,15.49
3009,2020-01-31,18.84
3010,2020-02-03,17.97
3011,2020-02-04,16.05
3012,2020-02-05,15.15
3013,2020-02-06,14.96
3014,2020-02-07,15.47
3015,2020-02-10,15.04
3016,2020-02-11,15.18
3017,2020-02-12,13.74
3018,2020-02-13,14.15
3019,2020-02-14,13.68
3020,2020-02-18,14.83
3021,2020-02-19,14.38
3022,2020-02-20,15.56
3023,2020-02-21,17.08
3024,2020-02-24,25.03
3025,2020-02-25,27.85
3026,2020-02-26,27.56
3027,2020-02-27,39.16
3028,2020-02-28,40.11
3029,2020-03-02,33.42
3030,2020-03-03,36.82
3031,2020-03-04,31.99
3032,2020-03-05,39.62
3033,2020-03-06,41.94
3034,2020-03-09,54.46
3035,2020-03-10,47.3
3036,2020-03-11,53.9
3037,2020-03-12,75.47
3038,2020-03-13,57.83
3039,2020-03-16,82.69
3040,2020-03-17,75.91
3041,2020-03-18,76.45
3042,2020-03-19,72.0
3043,2020-03-20,66.04
3044,2020-03-23,61.59
3045,2020-03-24,61.67
3046,2020-03-25,63.95
3047,2020-03-26,61.0
3048,2020-03-27,65.54
3049,2020-03-30,57.08
3050,2020-03-31,53.54
3051,2020-04-01,57.06
3052,2020-04-02,50.91
3053,2020-04-03,46.8
3054,2020-04-06,45.24
3055,2020-04-07,46.7
3056,2020-04-08,43.35
3057,2020-04-09,41.67
3058,2020-04-13,41.17
3059,2020-04-14,37.76
3060,2020-04-15,40.84
3061,2020-04-16,40.11
3062,2020-04-17,38.15
3063,2020-04-20,43.83
3064,2020-04-21,45.41
3065,2020-04-22,41.98
3066,2020-04-23,41.38
3067,2020-04-24,35.93
3068,2020-04-27,33.29
3069,2020-04-28,33.57
3070,2020-04-29,31.23
3071,2020-04-30,34.15
3072,2020-05-01,37.19
3073,2020-05-04,35.97
3074,2020-05-05,33.61
3075,2020-05-06,34.12
3076,2020-05-07,31.44
3077,2020-05-08,27.98
3078,2020-05-11,27.57
3079,2020-05-12,33.04
3080,2020-05-13,35.28
3081,2020-05-14,32.61
3082,2020-05-15,31.89
3083,2020-05-18,29.3
3084,2020-05-19,30.53
3085,2020-05-20,27.99
3086,2020-05-21,29.53
3087,2020-05-22,28.16
3088,2020-05-26,28.01
3089,2020-05-27,27.62
3090,2020-05-28,28.59
3091,2020-05-29,27.51
3092,2020-06-01,28.23
3093,2020-06-02,26.84
3094,2020-06-03,25.66
3095,2020-06-04,25.81
3096,2020-06-05,24.52
3097,2020-06-08,25.81
3098,2020-06-09,27.57
3099,2020-06-10,27.57
3100,2020-06-11,40.79
3101,2020-06-12,36.09
3102,2020-06-15,34.4
3103,2020-06-16,33.67
3104,2020-06-17,33.47
3105,2020-06-18,32.94
3106,2020-06-19,35.12
3107,2020-06-22,31.77
3108,2020-06-23,31.37
3109,2020-06-24,33.84
3110,2020-06-25,32.22
3111,2020-06-26,34.73
3112,2020-06-29,31.78
3113,2020-06-30,30.43
3114,2020-07-01,28.62
3115,2020-07-02,27.68
3116,2020-07-06,27.94
3117,2020-07-07,29.43
3118,2020-07-08,28.08
3119,2020-07-09,29.26
3120,2020-07-10,27.29
3121,2020-07-13,32.19
3122,2020-07-14,29.52
3123,2020-07-15,27.76
3124,2020-07-16,28.0
3125,2020-07-17,25.68
3126,2020-07-20,24.46
3127,2020-07-21,24.84
3128,2020-07-22,24.32
3129,2020-07-23,26.08
3130,2020-07-24,25.84
3131,2020-07-27,24.74
3132,2020-07-28,25.44
3133,2020-07-29,24.1
3134,2020-07-30,24.76
3135,2020-07-31,24.46
3136,2020-08-03,24.28
3137,2020-08-04,23.76
3138,2020-08-05,22.99
3139,2020-08-06,22.65
3140,2020-08-07,22.21
3141,2020-08-10,22.13
3142,2020-08-11,24.03
3143,2020-08-12,22.28
3144,2020-08-13,22.13
3145,2020-08-14,22.05
3146,2020-08-17,21.35
3147,2020-08-18,21.51
3148,2020-08-19,22.54
3149,2020-08-20,22.72
3150,2020-08-21,22.54
3151,2020-08-24,22.37
3152,2020-08-25,22.03
3153,2020-08-26,23.27
3154,2020-08-27,24.47
3155,2020-08-28,22.96
3156,2020-08-31,26.41
3157,2020-09-01,26.12
3158,2020-09-02,26.57
3159,2020-09-03,33.6
3160,2020-09-04,30.75
3161,2020-09-08,31.46
3162,2020-09-09,28.81
3163,2020-09-10,29.71
3164,2020-09-11,26.87
3165,2020-09-14,25.85
3166,2020-09-15,25.59
3167,2020-09-16,26.04
3168,2020-09-17,26.46
3169,2020-09-18,25.83
3170,2020-09-21,27.78
3171,2020-09-22,26.86
3172,2020-09-23,28.58
3173,2020-09-24,28.51
3174,2020-09-25,26.38
3175,2020-09-28,26.19
3176,2020-09-29,26.27
3177,2020-09-30,26.37
3178,2020-10-01,26.7
3179,2020-10-02,27.63
3180,2020-10-05,27.96
3181,2020-10-06,29.48
3182,2020-10-07,28.06
3183,2020-10-08,26.36
3184,2020-10-09,25.0
3185,2020-10-12,25.07
3186,2020-10-13,26.07
3187,2020-10-14,26.4
3188,2020-10-15,26.97
3189,2020-10-16,27.41
3190,2020-10-19,29.18
3191,2020-10-20,29.35
3192,2020-10-21,28.65
3193,2020-10-22,28.11
3194,2020-10-23,27.55
3195,2020-10-26,32.46
3196,2020-10-27,33.35
3197,2020-10-28,40.28
3198,2020-10-29,37.59
3199,2020-10-30,38.02
3200,2020-11-02,37.13
3201,2020-11-03,35.55
3202,2020-11-04,29.57
3203,2020-11-05,27.58
3204,2020-11-06,24.86
3205,2020-11-09,25.75
3206,2020-11-10,24.8
3207,2020-11-11,23.45
3208,2020-11-12,25.35
3209,2020-11-13,23.1
3210,2020-11-16,22.45
3211,2020-11-17,22.71
3212,2020-11-18,23.84
3213,2020-11-19,23.11
3214,2020-11-20,23.7
3215,2020-11-23,22.66
3216,2020-11-24,21.64
3217,2020-11-25,21.25
3218,2020-11-27,20.84
3219,2020-11-30,20.57
3220,2020-12-01,20.77
3221,2020-12-02,21.17
3222,2020-12-03,21.28
3223,2020-12-04,20.79
3224,2020-12-07,21.3
3225,2020-12-08,20.68
3226,2020-12-09,22.27
3227,2020-12-10,22.52
3228,2020-12-11,23.31
3229,2020-12-14,24.72
3230,2020-12-15,22.89
3231,2020-12-16,22.5
3232,2020-12-17,21.93
3233,2020-12-18,21.57
3234,2020-12-21,25.16
3235,2020-12-22,24.23
3236,2020-12-23,23.31
3237,2020-12-24,21.53
3238,2020-12-28,21.7
3239,2020-12-29,23.08
3240,2020-12-30,22.77
3241,2020-12-31,22.75
3242,2021-01-04,26.97
3243,2021-01-05,25.34
3244,2021-01-06,25.07
3245,2021-01-07,22.37
3246,2021-01-08,21.56
3247,2021-01-11,24.08
3248,2021-01-12,23.33
3249,2021-01-13,22.21
3250,2021-01-14,23.25
3251,2021-01-15,24.34
3252,2021-01-19,23.24
3253,2021-01-20,21.58
3254,2021-01-21,21.32
3255,2021-01-22,21.91
3256,2021-01-25,23.19
3257,2021-01-26,23.02
3258,2021-01-27,37.21
3259,2021-01-28,30.21
3260,2021-01-29,33.09
3261,2021-02-01,30.24
3262,2021-02-02,25.56
3263,2021-02-03,22.91
3264,2021-02-04,21.77
3265,2021-02-05,20.87
3266,2021-02-08,21.24
3267,2021-02-09,21.63
3268,2021-02-10,21.99
3269,2021-02-11,21.25
3270,2021-02-12,19.97
3271,2021-02-16,21.46
3272,2021-02-17,21.5
3273,2021-02-18,22.49
3274,2021-02-19,22.05
3275,2021-02-22,23.45
3276,2021-02-23,23.11
3277,2021-02-24,21.34
3278,2021-02-25,28.89
3279,2021-02-26,27.95
3280,2021-03-01,23.35
3281,2021-03-02,24.1
3282,2021-03-03,26.67
3283,2021-03-04,28.57
3284,2021-03-05,24.66
3285,2021-03-08,25.47
3286,2021-03-09,24.03
3287,2021-03-10,22.56
3288,2021-03-11,21.91
3289,2021-03-12,20.69
3290,2021-03-15,20.03
3291,2021-03-16,19.79
3292,2021-03-17,19.23
3293,2021-03-18,21.58
3294,2021-03-19,20.95
3295,2021-03-22,18.88
3296,2021-03-23,20.3
3297,2021-03-24,21.2
3298,2021-03-25,19.81
3299,2021-03-26,18.86
3300,2021-03-29,20.74
3301,2021-03-30,19.61
3302,2021-03-31,19.4
3303,2021-04-01,17.33
3304,2021-04-05,17.91
3305,2021-04-06,18.12
3306,2021-04-07,17.16
3307,2021-04-08,16.95
3308,2021-04-09,16.69
3309,2021-04-12,16.91
3310,2021-04-13,16.65
3311,2021-04-14,16.99
3312,2021-04-15,16.57
3313,2021-04-16,16.25
3314,2021-04-19,17.29
3315,2021-04-20,18.68
3316,2021-04-21,17.5
3317,2021-04-22,18.71
3318,2021-04-23,17.33
3319,2021-04-26,17.64
3320,2021-04-27,17.56
3321,2021-04-28,17.28
3322,2021-04-29,17.61
3323,2021-04-30,18.61
3324,2021-05-03,18.31
3325,2021-05-04,19.48
3326,2021-05-05,19.15
3327,2021-05-06,18.39
3328,2021-05-07,16.69
3329,2021-05-10,19.66
3330,2021-05-11,21.84
3331,2021-05-12,27.59
3332,2021-05-13,23.13
3333,2021-05-14,18.81
3334,2021-05-17,19.72
3335,2021-05-18,21.34
3336,2021-05-19,22.18
3337,2021-05-20,20.67
3338,2021-05-21,20.15
3339,2021-05-24,18.4
3340,2021-05-25,18.84
3341,2021-05-26,17.36
3342,2021-05-27,16.74
3343,2021-05-28,16.76
3344,2021-06-01,17.9
3345,2021-06-02,17.48
3346,2021-06-03,18.04
3347,2021-06-04,16.42
3348,2021-06-07,16.42
3349,2021-06-08,17.07
3350,2021-06-09,17.89
3351,2021-06-10,16.1
3352,2021-06-11,15.65
3353,2021-06-14,16.39
3354,2021-06-15,17.02
3355,2021-06-16,18.15
3356,2021-06-17,17.75
3357,2021-06-18,20.7
3358,2021-06-21,17.89
3359,2021-06-22,16.66
3360,2021-06-23,16.32
3361,2021-06-24,15.97
3362,2021-06-25,15.62
3363,2021-06-28,15.76
3364,2021-06-29,16.02
3365,2021-06-30,15.83
3366,2021-07-01,15.48
3367,2021-07-02,15.07
3368,2021-07-06,16.44
3369,2021-07-07,16.2
3370,2021-07-08,19.0
3371,2021-07-09,16.18
3372,2021-07-12,16.17
3373,2021-07-13,17.12
3374,2021-07-14,16.33
3375,2021-07-15,17.01
3376,2021-07-16,18.45
3377,2021-07-19,22.5
3378,2021-07-20,19.73
3379,2021-07-21,17.91
3380,2021-07-22,17.69
3381,2021-07-23,17.2
3382,2021-07-26,17.58
3383,2021-07-27,19.36
3384,2021-07-28,18.31
3385,2021-07-29,17.7
3386,2021-07-30,18.24
3387,2021-08-02,19.46
3388,2021-08-03,18.04
3389,2021-08-04,17.97
3390,2021-08-05,17.28
3391,2021-08-06,16.15
3392,2021-08-09,16.72
3393,2021-08-10,16.79
3394,2021-08-11,16.06
3395,2021-08-12,15.59
3396,2021-08-13,15.45
3397,2021-08-16,16.12
3398,2021-08-17,17.91
3399,2021-08-18,21.57
3400,2021-08-19,21.67
3401,2021-08-20,18.56
3402,2021-08-23,17.15
3403,2021-08-24,17.22
3404,2021-08-25,16.79
3405,2021-08-26,18.84
3406,2021-08-27,16.39
3407,2021-08-30,16.19
3408,2021-08-31,16.48
3409,2021-09-01,16.11
3410,2021-09-02,16.41
3411,2021-09-03,16.41
3412,2021-09-07,18.14
3413,2021-09-08,17.96
3414,2021-09-09,18.8
3415,2021-09-10,20.95
3416,2021-09-13,19.37
3417,2021-09-14,19.46
3418,2021-09-15,18.18
3419,2021-09-16,18.69
3420,2021-09-17,20.81
3421,2021-09-20,25.71
3422,2021-09-21,24.36
3423,2021-09-22,20.87
3424,2021-09-23,18.63
3425,2021-09-24,17.75
3426,2021-09-27,18.76
3427,2021-09-28,23.25
3428,2021-09-29,22.56
3429,2021-09-30,23.14
3430,2021-10-01,21.15
3431,2021-10-04,22.96
3432,2021-10-05,21.3
3433,2021-10-06,21.0
3434,2021-10-07,19.54
3435,2021-10-08,18.77
3436,2021-10-11,20.0
3437,2021-10-12,19.85
3438,2021-10-13,18.64
3439,2021-10-14,16.86
3440,2021-10-15,16.3
3441,2021-10-18,16.31
3442,2021-10-19,15.7
3443,2021-10-20,15.49
3444,2021-10-21,15.01
3445,2021-10-22,15.43
3446,2021-10-25,15.24
3447,2021-10-26,15.98
3448,2021-10-27,16.98
3449,2021-10-28,16.53
3450,2021-10-29,16.26
3451,2021-11-01,16.41
3452,2021-11-02,16.03
3453,2021-11-03,15.1
3454,2021-11-04,15.44
3455,2021-11-05,16.48
3456,2021-11-08,17.22
3457,2021-11-09,17.78
3458,2021-11-10,18.73
3459,2021-11-11,17.66
3460,2021-11-12,16.29
3461,2021-11-15,16.49
3462,2021-11-16,16.37
3463,2021-11-17,17.11
3464,2021-11-18,17.59
3465,2021-11-19,17.91
3466,2021-11-22,19.17
3467,2021-11-23,19.38
3468,2021-11-24,18.58
3469,2021-11-26,28.62
3470,2021-11-29,22.96
3471,2021-11-30,27.19
3472,2021-12-01,31.12
3473,2021-12-02,27.95
3474,2021-12-03,30.67
3475,2021-12-06,27.18
3476,2021-12-07,21.89
3477,2021-12-08,19.9
3478,2021-12-09,21.58
3479,2021-12-10,18.69
3480,2021-12-13,20.31
3481,2021-12-14,21.89
3482,2021-12-15,19.29
3483,2021-12-16,20.57
3484,2021-12-17,21.57
3485,2021-12-20,22.87
3486,2021-12-21,21.01
3487,2021-12-22,18.63
3488,2021-12-23,17.96
3489,2021-12-27,17.68
3490,2021-12-28,17.54
3491,2021-12-29,16.95
3492,2021-12-30,17.33
3493,2021-12-31,17.22
3494,2022-01-03,16.6
3495,2022-01-04,16.91
3496,2022-01-05,19.73
3497,2022-01-06,19.61
3498,2022-01-07,18.76
3499,2022-01-10,19.4
3500,2022-01-11,18.41
3501,2022-01-12,17.62
3502,2022-01-13,20.31
3503,2022-01-14,19.19
3504,2022-01-18,22.79
3505,2022-01-19,23.85
3506,2022-01-20,25.59
3507,2022-01-21,28.85
3508,2022-01-24,29.9
3509,2022-01-25,31.16
3510,2022-01-26,31.96
3511,2022-01-27,30.49
3512,2022-01-28,27.66
3513,2022-01-31,24.83
3514,2022-02-01,21.96
3515,2022-02-02,22.09
3516,2022-02-03,24.35
3517,2022-02-04,23.22
3518,2022-02-07,22.86
3519,2022-02-08,21.44
3520,2022-02-09,19.96
3521,2022-02-10,23.91
3522,2022-02-11,27.36
3523,2022-02-14,28.33
3524,2022-02-15,25.7
3525,2022-02-16,24.29
3526,2022-02-17,28.11
3527,2022-02-18,27.75
3528,2022-02-22,28.81
3529,2022-02-23,31.02
3530,2022-02-24,30.32
3531,2022-02-25,27.59
3532,2022-02-28,30.15
3533,2022-03-01,33.32
3534,2022-03-02,30.74
3535,2022-03-03,30.48
3536,2022-03-04,31.98
3537,2022-03-07,36.45
3538,2022-03-08,35.13
3539,2022-03-09,32.45
3540,2022-03-10,30.23
3541,2022-03-11,30.75
3542,2022-03-14,31.77
3543,2022-03-15,29.83
3544,2022-03-16,26.67
3545,2022-03-17,25.67
3546,2022-03-18,23.87
3547,2022-03-21,23.53
3548,2022-03-22,22.94
3549,2022-03-23,23.57
3550,2022-03-24,21.67
3551,2022-03-25,20.81
3552,2022-03-28,19.63
3553,2022-03-29,18.9
3554,2022-03-30,19.33
3555,2022-03-31,20.56
3556,2022-04-01,19.63
3557,2022-04-04,18.57
3558,2022-04-05,21.03
3559,2022-04-06,22.1
3560,2022-04-07,21.55
3561,2022-04-08,21.16
3562,2022-04-11,24.37
3563,2022-04-12,24.26
3564,2022-04-13,21.82
3565,2022-04-14,22.7
3566,2022-04-18,22.17
3567,2022-04-19,21.37
3568,2022-04-20,20.32
3569,2022-04-21,22.68
3570,2022-04-22,28.21
3571,2022-04-25,27.02
3572,2022-04-26,33.52
3573,2022-04-27,31.6
3574,2022-04-28,29.99
3575,2022-04-29,33.4
3576,2022-05-02,32.34
3577,2022-05-03,29.25
3578,2022-05-04,25.42
3579,2022-05-05,31.2
3580,2022-05-06,30.19
3581,2022-05-09,34.75
3582,2022-05-10,32.99
3583,2022-05-11,32.56
3584,2022-05-12,31.77
3585,2022-05-13,28.87
3586,2022-05-16,27.47
3587,2022-05-17,26.1
3588,2022-05-18,30.96
3589,2022-05-19,29.35
3590,2022-05-20,29.43
3591,2022-05-23,28.48
3592,2022-05-24,29.45
3593,2022-05-25,28.37
3594,2022-05-26,27.5
3595,2022-05-27,25.72
3596,2022-05-30,26.54
3597,2022-05-31,26.19
3598,2022-06-01,25.69
3599,2022-06-02,24.72
3600,2022-06-03,24.79
3601,2022-06-06,25.07
3602,2022-06-07,24.02
3603,2022-06-08,23.96
3604,2022-06-09,26.09
3605,2022-06-10,27.75
3606,2022-06-13,34.02
3607,2022-06-14,32.69
3608,2022-06-15,29.62
3609,2022-06-16,32.95
3610,2022-06-17,31.13
3611,2022-06-20,31.03
3612,2022-06-21,30.19
3613,2022-06-22,28.95
3614,2022-06-23,29.05
3615,2022-06-24,27.23
3616,2022-06-27,26.95
3617,2022-06-28,28.36
3618,2022-06-29,28.16
3619,2022-06-30,28.71
3620,2022-07-01,26.7
3621,2022-07-04,27.53
3622,2022-07-05,27.54
3623,2022-07-06,26.73
3624,2022-07-07,26.08
3625,2022-07-08,24.64
3626,2022-07-11,26.17
3627,2022-07-12,27.29
3628,2022-07-13,26.82
3629,2022-07-14,26.4
3630,2022-07-15,24.23
3631,2022-07-18,25.3
3632,2022-07-19,24.5
3633,2022-07-20,23.88
3634,2022-07-21,23.11
3635,2022-07-22,23.03
3636,2022-07-25,23.36
3637,2022-07-26,24.69
3638,2022-07-27,23.24
3639,2022-07-28,22.33
3640,2022-07-29,21.33
3641,2022-08-01,22.84
3642,2022-08-02,23.93
3643,2022-08-03,21.95
3644,2022-08-04,21.44
3645,2022-08-05,21.15
3646,2022-08-08,21.29
3647,2022-08-09,21.77
3648,2022-08-10,19.74
3649,2022-08-11,20.2
3650,2022-08-12,19.53
3651,2022-08-15,19.95
3652,2022-08-16,19.69
3653,2022-08-17,19.9
3654,2022-08-18,19.56
3655,2022-08-19,20.6
3656,2022-08-22,23.8
3657,2022-08-23,24.11
3658,2022-08-24,22.82
3659,2022-08-25,21.78
3660,2022-08-26,25.56
3661,2022-08-29,26.21
3662,2022-08-30,26.21
3663,2022-08-31,25.87
3664,2022-09-01,25.56
3665,2022-09-02,25.47
3666,2022-09-05,25.99
3667,2022-09-06,26.91
3668,2022-09-07,24.64
3669,2022-09-08,23.61
3670,2022-09-09,22.79
3671,2022-09-12,23.87
3672,2022-09-13,27.27
3673,2022-09-14,26.16
3674,2022-09-15,26.27
3675,2022-09-16,26.3
3676,2022-09-19,25.76
3677,2022-09-20,27.16
3678,2022-09-21,27.99
3679,2022-09-22,27.35
3680,2022-09-23,29.92
3681,2022-09-26,32.26
3682,2022-09-27,32.6
3683,2022-09-28,30.18
3684,2022-09-29,31.84
3685,2022-09-30,31.62
3686,2022-10-03,30.1
3687,2022-10-04,29.07
3688,2022-10-05,28.55
3689,2022-10-06,30.52
3690,2022-10-07,31.36
3691,2022-10-10,32.45
3692,2022-10-11,33.63
3693,2022-10-12,33.57
3694,2022-10-13,31.94
3695,2022-10-14,32.02
3696,2022-10-17,31.37
3697,2022-10-18,30.5
3698,2022-10-19,30.76
3699,2022-10-20,29.98
3700,2022-10-21,29.69
3701,2022-10-24,29.85
3702,2022-10-25,28.46
3703,2022-10-26,27.28
3704,2022-10-27,27.39
3705,2022-10-28,25.75
3706,2022-10-31,25.88
3707,2022-11-01,25.81
3708,2022-11-02,25.86
3709,2022-11-03,25.3
3710,2022-11-04,24.55
3711,2022-11-07,24.35
3712,2022-11-08,25.54
3713,2022-11-09,26.09
3714,2022-11-10,23.53
3715,2022-11-11,22.52
3716,2022-11-14,23.73
3717,2022-11-15,24.54
3718,2022-11-16,24.11
3719,2022-11-17,23.93
3720,2022-11-18,23.12
3721,2022-11-21,22.36
3722,2022-11-22,21.29
3723,2022-11-23,20.35
3724,2022-11-24,20.42
3725,2022-11-25,20.5
3726,2022-11-28,22.21
3727,2022-11-29,21.89
3728,2022-11-30,20.58
3729,2022-12-01,19.84
3730,2022-12-02,19.06
3731,2022-12-05,20.75
3732,2022-12-06,22.17
3733,2022-12-07,22.68
3734,2022-12-08,22.29
3735,2022-12-09,22.83
3736,2022-12-12,25.0
3737,2022-12-13,22.55
3738,2022-12-14,21.14
3739,2022-12-15,22.83
3740,2022-12-16,22.62
3741,2022-12-19,22.42
3742,2022-12-20,21.48
3743,2022-12-21,20.07
3744,2022-12-22,21.97
3745,2022-12-23,20.87
3746,2022-12-27,21.65
3747,2022-12-28,22.14
3748,2022-12-29,21.44
3749,2022-12-30,21.67
3750,2023-01-03,22.9
3751,2023-01-04,22.01
3752,2023-01-05,22.46
3753,2023-01-06,21.13
3754,2023-01-09,21.97
3755,2023-01-10,20.58
3756,2023-01-11,21.09
3757,2023-01-12,18.83
3758,2023-01-13,18.35
3759,2023-01-16,19.49
3760,2023-01-17,19.36
3761,2023-01-18,20.34
3762,2023-01-19,20.52
3763,2023-01-20,19.85
3764,2023-01-23,19.81
3765,2023-01-24,19.2
3766,2023-01-25,19.08
3767,2023-01-26,18.73
3768,2023-01-27,18.51
3769,2023-01-30,19.94
3770,2023-01-31,19.4
3771,2023-02-01,17.87
3772,2023-02-02,18.73
3773,2023-02-03,18.33
3774,2023-02-06,19.43
3775,2023-02-07,18.66
3776,2023-02-08,19.63
3777,2023-02-09,20.71
3778,2023-02-10,20.53
3779,2023-02-13,20.34
3780,2023-02-14,18.91
3781,2023-02-15,18.23
3782,2023-02-16,20.17
3783,2023-02-17,20.02
